recipient,pic_seen,site_duration,spend,register
1,Sunset,18.2,16.6,0
2,Main St,28.61,15.3,0
3,Waterslide,10.9,16.32,1
4,Waterslide,11.3,22.62,0
5,Sunset,19.7,17.3,0
6,Sunset,20.3,17.1,0
7,Main St,28.21,11.9,0
8,Main St,22.01,15.2,0
9,Main St,23.71,14.4,0
10,Main St,25.51,15.1,1
11,Sunset,22.9,16.8,1
12,Waterslide,10.7,24.32,1
13,Main St,29.41,12.6,0
14,Sunset,21.6,15.6,1
15,Sunset,19.1,16,0
16,Main St,13.61,18,0
17,Waterslide,11.9,20.82,1
18,Main St,25.51,9.9,1
19,Sunset,21.4,15.8,0
20,Sunset,24,16.8,1
21,Main St,19.31,12.1,1
22,Waterslide,11.4,14.22,0
23,Main St,17.01,12,0
24,Sunset,20.4,16.8,1
25,Main St,22.71,12.9,0
26,Waterslide,11.6,16.42,1
27,Main St,31.71,14.3,1
28,Main St,24.11,15.4,0
29,Sunset,19.8,16.8,1
30,Waterslide,10.8,22.12,0
31,Waterslide,10.8,19.12,0
32,Main St,22.01,14.3,0
33,Waterslide,10.5,15.32,1
34,Sunset,23.4,17,0
35,Main St,26.81,11,1
36,Sunset,25.9,17.3,1
37,Sunset,23.8,16.3,0
38,Main St,22.51,9.9,0
39,Sunset,18.2,15.3,1
40,Sunset,21.8,16.7,1
41,Sunset,24.3,17,0
42,Waterslide,10.7,19.92,0
43,Waterslide,11.2,19.72,0
44,Waterslide,10.6,21.32,1
45,Main St,21.11,14.7,1
46,Waterslide,10.9,19.42,0
47,Sunset,24.1,16.4,0
48,Main St,23.01,16.3,1
49,Main St,18.51,13,0
50,Main St,26.41,10.7,0
51,Waterslide,10.8,15.12,0
52,Main St,25.51,15.1,1
53,Sunset,21,18.1,0
54,Waterslide,10.3,16.22,1
55,Waterslide,10.5,19.72,0
56,Waterslide,11.8,16.02,0
57,Sunset,22.6,16.5,0
58,Waterslide,11,19.32,0
59,Waterslide,10.9,19.52,0
60,Waterslide,11.2,18.82,0
61,Sunset,21.2,17.8,0
62,Main St,23.31,14.1,1
63,Waterslide,11.7,22.12,1
64,Main St,18.31,14.1,0
65,Main St,29.21,11.6,0
66,Sunset,21.6,17.4,0
67,Sunset,21.7,16.6,0
68,Main St,21.51,12.5,0
69,Sunset,22.1,18,0
70,Sunset,24.1,16.9,1
71,Waterslide,11.3,19.22,0
72,Sunset,22.7,17.1,0
73,Main St,25.51,16.8,0
74,Waterslide,11.2,17.12,0
75,Waterslide,10.4,15.32,0
76,Waterslide,10.2,18.12,0
77,Main St,19.51,15.2,1
78,Main St,17.61,12.6,1
79,Main St,21.71,13.5,1
80,Waterslide,11.5,18.92,0
81,Sunset,21.9,17.6,1
82,Sunset,20.5,15.1,0
83,Sunset,20.9,17.5,0
84,Main St,16.61,13.7,1
85,Waterslide,10.3,17.62,0
86,Waterslide,11.4,20.42,0
87,Waterslide,11.7,20.12,0
88,Main St,27.01,15.1,0
89,Main St,19.51,9,1
90,Main St,32.11,14,1
91,Main St,25.11,16.9,0
92,Sunset,22.9,16.8,1
93,Sunset,19.7,16,1
94,Waterslide,10.6,15.62,1
95,Waterslide,10.4,19.72,0
96,Sunset,20.5,15.6,0
97,Sunset,22.3,16.1,0
98,Sunset,22.1,15.3,0
99,Waterslide,12.1,17.42,0
100,Sunset,21.8,17.2,1
101,Main St,20.91,10.3,1
102,Waterslide,10.6,20.02,0
103,Waterslide,10.8,19.32,0
104,Main St,24.91,10.6,0
105,Sunset,22.6,16.6,1
106,Main St,23.51,14.7,0
107,Main St,23.41,14.3,0
108,Main St,20.91,14.6,0
109,Main St,25.41,11.3,0
110,Waterslide,11.4,19.62,0
111,Main St,24.61,14.9,0
112,Waterslide,10,17.62,1
113,Sunset,21.4,17.6,1
114,Waterslide,11.1,20.32,0
115,Sunset,22.1,17.2,0
116,Main St,25.81,11.7,0
117,Waterslide,11,19.62,1
118,Waterslide,10.4,19.22,0
119,Main St,24.01,14.8,1
120,Waterslide,10.4,16.12,0
121,Main St,23.21,13.9,0
122,Main St,21.11,13.6,0
123,Sunset,20.3,16.7,0
124,Main St,25.41,14.3,0
125,Waterslide,10.6,17.82,0
126,Waterslide,10.5,17.82,0
127,Sunset,22.3,15.6,1
128,Waterslide,11.1,18.82,0
129,Waterslide,11.8,16.82,0
130,Main St,25.71,12.1,0
131,Main St,30.81,13,1
132,Waterslide,10.3,16.52,0
133,Sunset,21,17,1
134,Sunset,21.3,17.1,0
135,Waterslide,11.2,14.72,1
136,Sunset,26.3,16.6,0
137,Sunset,25,17.6,0
138,Waterslide,10.9,17.52,1
139,Waterslide,11.7,21.22,1
140,Sunset,27.8,16.7,1
141,Sunset,22,17.3,1
142,Main St,23.91,14.2,1
143,Main St,22.71,14.6,1
144,Main St,27.71,14.9,1
145,Sunset,21.6,16.8,0
146,Main St,21.31,15.1,0
147,Main St,25.91,11.9,1
148,Main St,30.61,13.7,0
149,Main St,30.01,14.8,0
150,Waterslide,11.1,18.52,0
151,Main St,17.81,20.8,1
152,Sunset,23.3,16,1
153,Sunset,22.5,16.7,0
154,Main St,28.41,15.9,0
155,Main St,20.31,13.4,0
156,Sunset,20.8,17.6,1
157,Main St,22.91,14.7,0
158,Waterslide,10.8,19.32,0
159,Main St,15.81,15.5,0
160,Waterslide,11.2,12.42,1
161,Sunset,24.6,15.6,1
162,Waterslide,10.7,17.42,1
163,Main St,23.71,14.9,0
164,Sunset,18.6,17.8,0
165,Waterslide,10.6,14.22,1
166,Waterslide,10.6,16.32,1
167,Waterslide,10.8,19.22,1
168,Main St,27.11,11.7,0
169,Main St,22.01,12.8,0
170,Main St,27.11,15.2,0
171,Sunset,25.5,16.7,1
172,Waterslide,10.7,17.22,0
173,Sunset,24.9,18.4,1
174,Sunset,22.8,17.6,0
175,Sunset,23.7,16.9,1
176,Sunset,23.6,16.2,0
177,Main St,23.21,16.8,0
178,Sunset,23.8,15.4,0
179,Sunset,23.2,17,1
180,Main St,28.91,14.7,0
181,Main St,25.61,12.4,0
182,Sunset,21.7,15.2,0
183,Main St,22.31,12.7,0
184,Waterslide,10.5,19.82,1
185,Waterslide,11.3,19.52,1
186,Waterslide,11,22.92,1
187,Waterslide,11.5,17.22,0
188,Main St,29.21,9.9,0
189,Sunset,18.3,16.2,1
190,Waterslide,10.2,21.12,0
191,Waterslide,10.8,19.22,1
192,Main St,29.11,11.4,1
193,Main St,32.01,14.7,0
194,Waterslide,11,19.82,0
195,Sunset,22.3,15.2,1
196,Waterslide,11.1,18.42,0
197,Sunset,21,18.7,0
198,Waterslide,10.9,16.42,0
199,Sunset,24.8,17.6,1
200,Waterslide,10.7,19.72,1
201,Main St,24.11,16.4,0
202,Main St,24.01,12,0
203,Main St,21.31,11.4,0
204,Sunset,23.9,14.6,0
205,Main St,18.41,14.3,0
206,Waterslide,10.2,21.92,0
207,Waterslide,10.7,16.62,0
208,Main St,28.61,14.1,1
209,Waterslide,10.9,19.82,1
210,Waterslide,10.6,17.72,0
211,Sunset,21.3,17.7,0
212,Sunset,26,16.7,1
213,Waterslide,11.9,15.72,0
214,Waterslide,11.8,19.42,1
215,Waterslide,12.2,19.72,0
216,Waterslide,11.5,20.32,0
217,Waterslide,11,12.62,0
218,Sunset,19.7,16.1,0
219,Main St,23.91,13,1
220,Main St,28.31,9.5,0
221,Main St,27.21,10.6,0
222,Waterslide,11.4,20.02,1
223,Sunset,19.5,15.4,0
224,Sunset,25.8,15.7,0
225,Main St,20.01,16.8,0
226,Sunset,21.7,15.8,1
227,Main St,21.71,18.3,0
228,Main St,27.61,11.3,0
229,Waterslide,10.9,14.72,0
230,Sunset,27.5,16.3,0
231,Sunset,20.9,16.7,0
232,Sunset,22.8,15.5,1
233,Waterslide,11.8,20.22,0
234,Sunset,17.6,16.5,0
235,Sunset,25,17.1,0
236,Main St,13.71,16.4,1
237,Sunset,23.4,15.6,1
238,Main St,23.41,14.2,1
239,Sunset,23.2,16.2,1
240,Main St,22.81,16.7,0
241,Waterslide,12.1,17.62,0
242,Waterslide,11.6,17.72,0
243,Waterslide,11.6,18.62,0
244,Waterslide,11.3,17.02,0
245,Waterslide,11.2,17.42,1
246,Main St,25.01,17.3,1
247,Sunset,22,18.5,0
248,Main St,22.61,12.2,0
249,Main St,21.91,15.5,1
250,Main St,27.71,13.7,0
251,Sunset,26.3,17.8,1
252,Main St,24.41,13.7,1
253,Waterslide,10.7,14.62,1
254,Sunset,23,16.9,1
255,Main St,20.41,10.8,1
256,Waterslide,10.3,18.92,0
257,Main St,21.91,15.2,0
258,Main St,27.31,15.5,1
259,Sunset,26.3,16.7,1
260,Waterslide,10.4,17.92,0
261,Main St,18.11,14.4,0
262,Waterslide,11.2,18.32,0
263,Main St,18.21,12.9,0
264,Sunset,21.6,17.4,0
265,Waterslide,11.6,14.72,0
266,Main St,25.21,15.3,0
267,Main St,18.61,14.5,0
268,Sunset,24.8,17.5,0
269,Sunset,23.5,17.6,1
270,Sunset,24.5,16,1
271,Main St,25.91,13.2,0
272,Waterslide,10.7,19.62,0
273,Main St,17.41,15.7,1
274,Waterslide,10.5,17.22,0
275,Sunset,24.4,16.3,0
276,Main St,29.31,9.5,0
277,Waterslide,11.7,17.62,0
278,Sunset,23.9,15.8,0
279,Sunset,27,18.1,0
280,Main St,29.91,11.8,0
281,Main St,22.01,14.4,0
282,Waterslide,10.8,19.72,0
283,Sunset,24.7,16.4,0
284,Sunset,23.4,16.6,1
285,Sunset,23.8,17,0
286,Sunset,22.3,17.3,1
287,Waterslide,10.2,23.72,0
288,Main St,31.11,15.6,1
289,Sunset,20.4,16.1,1
290,Sunset,23.9,18,1
291,Waterslide,10.6,18.32,0
292,Sunset,23.9,17.4,0
293,Main St,27.21,13.4,0
294,Waterslide,11,12.72,1
295,Waterslide,11.4,15.22,0
296,Main St,18.81,16.7,0
297,Main St,29.71,11.6,0
298,Sunset,22.9,16.8,0
299,Waterslide,9.7,19.22,1
300,Sunset,23.9,16.8,0
301,Main St,25.91,10.3,1
302,Main St,20.31,11.4,0
303,Waterslide,10.7,16.62,0
304,Main St,30.91,15.1,1
305,Sunset,27,17.7,0
306,Sunset,21.4,16.1,1
307,Main St,20.71,17.1,1
308,Waterslide,10.8,18.12,0
309,Main St,20.51,14.9,0
310,Main St,23.71,14.3,0
311,Main St,15.11,12.5,1
312,Waterslide,10,17.52,1
313,Main St,19.51,13.3,0
314,Sunset,21.2,16.2,1
315,Waterslide,10.6,15.72,1
316,Sunset,23.8,17.1,0
317,Sunset,24.2,16.8,0
318,Main St,27.61,13.7,1
319,Main St,23.81,16.6,1
320,Main St,23.41,13.6,0
321,Sunset,25,14.8,0
322,Waterslide,10.7,25.22,0
323,Waterslide,10.8,18.92,0
324,Sunset,23.5,17.6,0
325,Waterslide,11.6,22.92,1
326,Waterslide,11.1,12.32,1
327,Main St,30.51,15.3,1
328,Waterslide,11.1,17.32,0
329,Waterslide,11.6,21.12,0
330,Main St,24.41,12.1,1
331,Waterslide,10.5,18.32,1
332,Sunset,20.8,16,1
333,Main St,19.81,11.7,0
334,Waterslide,11,20.72,1
335,Main St,27.41,16.4,1
336,Main St,23.21,9.9,0
337,Main St,25.01,12.7,1
338,Waterslide,11.4,25.02,1
339,Main St,19.71,17.2,1
340,Main St,18.71,16.2,0
341,Waterslide,11.5,21.52,0
342,Sunset,23,18.4,0
343,Sunset,23.1,16.7,1
344,Waterslide,10.8,15.32,1
345,Sunset,23.6,16.6,1
346,Sunset,27.7,17.5,0
347,Waterslide,10.5,19.82,0
348,Main St,20.61,17.3,1
349,Waterslide,11.6,24.12,0
350,Waterslide,10.2,14.72,1
351,Main St,21.41,11.3,0
352,Sunset,23,18.3,0
353,Waterslide,10.7,18.42,0
354,Sunset,24.3,17.9,1
355,Sunset,19.8,15.7,1
356,Waterslide,10.9,18.92,0
357,Sunset,23.2,17.9,1
358,Sunset,22,16.3,0
359,Sunset,20.4,17,0
360,Sunset,23.6,17.4,1
361,Waterslide,9.9,15.62,1
362,Waterslide,11.3,19.92,1
363,Sunset,27.9,17.4,0
364,Main St,25.21,14.1,0
365,Sunset,25.7,15.6,0
366,Sunset,24.1,16.5,1
367,Main St,20.61,16.1,1
368,Waterslide,11,18.52,1
369,Waterslide,11.7,18.52,1
370,Main St,19.01,11.5,0
371,Waterslide,10.9,17.82,0
372,Waterslide,10.2,19.52,0
373,Sunset,25.7,16.4,0
374,Main St,17.91,12.4,0
375,Main St,29.41,16,0
376,Main St,20.61,12.1,1
377,Sunset,22.5,16.6,1
378,Main St,26.21,15.5,1
379,Main St,20.21,14.3,0
380,Sunset,21.7,16.9,1
381,Waterslide,10,18.82,0
382,Main St,26.71,12.8,0
383,Waterslide,12.1,13.52,0
384,Sunset,20.1,17.2,1
385,Sunset,24.7,16.3,1
386,Main St,25.31,16.7,0
387,Main St,23.51,16,0
388,Waterslide,11.4,16.62,0
389,Sunset,24.4,16.9,0
390,Waterslide,10.3,18.82,1
391,Sunset,22.1,17.3,0
392,Sunset,23.6,17.8,0
393,Waterslide,11.6,18.32,0
394,Sunset,24.4,15.9,0
395,Sunset,25.3,17.4,1
396,Waterslide,11.8,16.32,0
397,Main St,26.21,12.6,0
398,Waterslide,10.7,20.72,1
399,Sunset,22.4,15.8,0
400,Main St,25.81,11.1,0
401,Main St,23.81,14.4,0
402,Sunset,25,16.5,0
403,Sunset,21.2,14.8,0
404,Sunset,23.9,17.9,0
405,Waterslide,11.2,16.92,1
406,Main St,30.31,15.6,0
407,Sunset,22.5,16.1,0
408,Main St,26.21,15.1,0
409,Waterslide,11,20.72,1
410,Sunset,25.1,17.3,1
411,Waterslide,11.3,19.12,0
412,Waterslide,11.3,16.82,0
413,Sunset,25.8,16,0
414,Main St,22.01,17.3,0
415,Waterslide,11.7,15.42,0
416,Waterslide,10.3,15.92,0
417,Main St,35.61,13,0
418,Main St,26.01,14.7,0
419,Sunset,21.8,15.9,1
420,Main St,18.81,13,0
421,Main St,24.31,16.6,0
422,Main St,23.91,12,0
423,Sunset,25.1,16.1,1
424,Sunset,20.6,16.9,0
425,Waterslide,11.1,18.82,0
426,Main St,22.11,14,1
427,Main St,30.11,17.3,1
428,Main St,30.31,9.9,0
429,Main St,20.81,13.1,0
430,Sunset,24.5,17.5,0
431,Waterslide,11.5,20.22,1
432,Waterslide,10.2,19.62,1
433,Main St,21.31,17.1,0
434,Sunset,26,16.7,1
435,Waterslide,10.5,20.92,0
436,Waterslide,10.3,20.52,1
437,Waterslide,11,16.82,1
438,Sunset,23.6,17.3,1
439,Sunset,23.4,15.9,0
440,Waterslide,11.4,14.62,0
441,Waterslide,11,14.52,1
442,Sunset,25.3,15.8,1
443,Sunset,24.7,17.3,0
444,Sunset,25.8,16.4,1
445,Sunset,23.9,18.8,0
446,Main St,25.31,16,1
447,Main St,19.31,12.9,1
448,Sunset,23.1,17.9,1
449,Sunset,26.1,15.6,1
450,Waterslide,12,20.42,0
451,Waterslide,11.4,16.12,1
452,Waterslide,9.9,17.92,0
453,Waterslide,10.8,20.02,1
454,Sunset,24.9,16.1,1
455,Main St,22.21,13,0
456,Sunset,26.4,16.3,1
457,Waterslide,10.1,18.92,0
458,Main St,26.21,11.5,0
459,Sunset,25.1,15.5,1
460,Waterslide,11.2,22.02,1
461,Sunset,20.7,17.3,1
462,Main St,17.11,18.4,1
463,Waterslide,11.1,14.92,1
464,Waterslide,11.5,20.42,0
465,Waterslide,11.8,18.22,0
466,Main St,19.31,13.8,1
467,Main St,16.11,17.2,0
468,Main St,25.61,15.7,1
469,Main St,23.51,11.7,0
470,Sunset,18.4,17.6,0
471,Sunset,23.4,16.8,1
472,Sunset,24,16.5,1
473,Sunset,21.2,16,0
474,Waterslide,10.7,21.62,0
475,Sunset,20.4,16.4,1
476,Waterslide,11.3,19.22,0
477,Main St,22.51,11.3,1
478,Sunset,26,17.6,1
479,Sunset,18.4,16.9,1
480,Sunset,22,15.6,1
481,Waterslide,10.6,20.72,0
482,Main St,28.71,17.5,0
483,Waterslide,10.9,19.02,0
484,Waterslide,10.1,18.02,1
485,Main St,22.41,11,1
486,Waterslide,11.2,21.92,0
487,Main St,21.11,12.9,0
488,Sunset,30.7,16.6,0
489,Sunset,24,18.3,1
490,Sunset,21.5,15.7,0
491,Sunset,25.1,16.3,0
492,Sunset,24,15.5,0
493,Main St,13.91,15.4,0
494,Waterslide,10.8,20.32,0
495,Sunset,24.1,15.4,1
496,Main St,27.91,14.3,0
497,Sunset,20.1,14.9,1
498,Main St,26.61,11.6,0
499,Sunset,20.1,17.8,1
500,Sunset,26,17.2,1
501,Waterslide,10.9,21.42,0
502,Sunset,22.8,17.2,1
503,Waterslide,11.3,20.92,0
504,Main St,24.61,13.9,0
505,Main St,19.21,11.5,1
506,Waterslide,11.5,15.12,0
507,Main St,19.71,14.5,0
508,Sunset,24.4,16.8,1
509,Sunset,22.4,17.1,0
510,Main St,28.91,11.9,0
511,Main St,25.11,19.1,1
512,Main St,19.91,16.7,1
513,Main St,27.81,14.1,1
514,Waterslide,11.5,16.62,0
515,Waterslide,11,14.82,0
516,Main St,24.81,13.6,0
517,Main St,22.01,13.3,0
518,Waterslide,11,18.92,1
519,Waterslide,11.4,15.82,1
520,Sunset,20.5,16.8,1
521,Main St,27.21,13.9,0
522,Sunset,26.4,16.7,1
523,Sunset,22.7,16,1
524,Waterslide,11.4,18.72,0
525,Sunset,22.2,17.7,0
526,Main St,24.61,14.1,1
527,Waterslide,10.9,21.42,0
528,Main St,34.31,14.1,0
529,Waterslide,11.1,16.52,0
530,Sunset,24,17.4,0
531,Waterslide,11.8,17.32,0
532,Sunset,20.9,17.5,1
533,Main St,23.91,11.1,0
534,Main St,26.21,12.7,1
535,Sunset,21.2,17.2,0
536,Waterslide,11.4,17.32,1
537,Sunset,19.7,17.4,0
538,Sunset,26.8,16.7,1
539,Main St,21.71,17.4,0
540,Waterslide,10.5,19.42,0
541,Waterslide,9.7,12.82,0
542,Sunset,25.7,17.8,0
543,Waterslide,10.6,17.62,0
544,Sunset,25.2,17.5,1
545,Waterslide,11.9,18.02,0
546,Waterslide,10.2,19.82,1
547,Main St,25.71,14.6,1
548,Sunset,26.1,18.4,0
549,Sunset,27.5,17.6,0
550,Sunset,24.1,17.2,0
551,Sunset,23.2,16,1
552,Waterslide,10.8,13.52,1
553,Sunset,23.1,16,1
554,Main St,25.11,13.7,0
555,Waterslide,10.7,21.02,1
556,Waterslide,10.4,18.12,0
557,Sunset,24.5,16.6,1
558,Waterslide,12.3,22.52,0
559,Main St,23.11,15.5,0
560,Main St,22.01,10.5,1
561,Sunset,24.8,16.4,1
562,Waterslide,10.4,20.62,0
563,Main St,19.91,17.3,0
564,Waterslide,10.6,19.22,0
565,Waterslide,11,16.52,0
566,Sunset,21.2,16.2,0
567,Main St,20.81,17.5,1
568,Waterslide,10.8,20.72,1
569,Sunset,24.7,17,1
570,Waterslide,11.4,15.22,1
571,Sunset,22.8,16.9,0
572,Main St,31.91,11.9,0
573,Sunset,23.5,17.2,0
574,Main St,23.81,15.7,0
575,Waterslide,10.7,14.42,1
576,Waterslide,11.1,15.72,1
577,Sunset,23.7,16.8,1
578,Waterslide,11.3,23.32,0
579,Waterslide,10.6,18.92,1
580,Sunset,24.1,17.9,0
581,Sunset,24.1,16,0
582,Main St,21.71,14.5,0
583,Main St,24.61,14.3,1
584,Waterslide,11.5,21.32,0
585,Waterslide,9.9,20.32,0
586,Sunset,19.4,15.7,1
587,Main St,25.01,15.9,0
588,Sunset,23.4,16,0
589,Waterslide,11.1,20.32,1
590,Sunset,24.4,17.1,0
591,Waterslide,10.9,18.92,0
592,Sunset,21.5,17.9,1
593,Main St,21.91,11,1
594,Main St,31.61,16.6,0
595,Main St,25.71,16.6,0
596,Waterslide,11.5,18.72,1
597,Sunset,23.1,16,0
598,Sunset,23.1,16.2,1
599,Main St,18.61,17.5,1
600,Sunset,22.3,16.9,1
601,Sunset,22.3,15.6,0
602,Waterslide,11.3,21.22,1
603,Main St,29.41,8.9,0
604,Sunset,22.8,15.9,0
605,Sunset,23.4,16.7,0
606,Main St,18.91,14.2,0
607,Waterslide,11.6,18.12,0
608,Waterslide,11.2,17.72,0
609,Sunset,23.4,19.2,1
610,Main St,25.71,17.9,0
611,Sunset,20,16.4,0
612,Sunset,20.8,18.7,1
613,Sunset,24.2,17.8,1
614,Sunset,20.3,18.2,1
615,Waterslide,10.8,20.12,0
616,Waterslide,10.3,21.62,0
617,Sunset,23.7,17.8,0
618,Waterslide,10.5,20.72,1
619,Sunset,26.9,17.5,1
620,Sunset,24.3,16.2,0
621,Sunset,25.5,17.7,0
622,Main St,30.31,16,1
623,Sunset,21.8,15.9,1
624,Sunset,23.3,16.8,0
625,Sunset,20.3,17.1,0
626,Sunset,21.8,15.8,1
627,Waterslide,10.9,18.22,0
628,Main St,23.81,13.8,0
629,Sunset,21.6,18.2,0
630,Waterslide,11.8,17.12,0
631,Waterslide,10.2,18.22,0
632,Sunset,27.2,17.1,1
633,Sunset,18.2,16.9,0
634,Sunset,23.7,17.6,1
635,Main St,30.41,14.2,1
636,Main St,25.71,14.1,0
637,Sunset,24.1,17.8,1
638,Main St,25.11,15.7,0
639,Waterslide,11.7,20.32,0
640,Main St,20.11,14.1,0
641,Waterslide,11,18.72,1
642,Sunset,21,18,0
643,Main St,23.21,9.9,1
644,Waterslide,10.5,20.42,1
645,Sunset,25.1,16.6,0
646,Sunset,27.4,17,1
647,Sunset,20.5,17.8,1
648,Sunset,21.4,16.6,0
649,Main St,25.31,16.8,1
650,Waterslide,10.8,19.32,0
651,Sunset,24.2,18,1
652,Waterslide,10.8,18.82,0
653,Main St,27.11,17,0
654,Sunset,23.3,17.2,0
655,Waterslide,10.3,15.32,1
656,Main St,26.71,16.2,0
657,Sunset,22.1,16.9,0
658,Waterslide,10,17.82,0
659,Waterslide,10.6,19.42,0
660,Sunset,16.7,16.8,1
661,Main St,24.41,13,0
662,Main St,24.21,12.8,0
663,Main St,20.51,13.4,0
664,Waterslide,11.6,16.82,0
665,Waterslide,11.6,15.82,0
666,Sunset,23.8,16.6,0
667,Waterslide,11.1,22.02,1
668,Waterslide,10,17.22,0
669,Sunset,25.5,15.2,1
670,Sunset,21.7,17.1,0
671,Waterslide,10.9,18.22,1
672,Sunset,23.1,17.3,0
673,Main St,19.61,12.3,0
674,Sunset,19.6,16.5,1
675,Main St,23.71,11.5,1
676,Main St,26.31,12.5,0
677,Main St,20.61,13,0
678,Waterslide,10.8,22.32,0
679,Main St,26.21,15.1,0
680,Waterslide,11,15.42,0
681,Sunset,22.8,16.5,1
682,Main St,19.21,11.1,1
683,Sunset,25.4,16.4,0
684,Main St,28.61,16.1,0
685,Waterslide,10.8,18.32,0
686,Main St,25.51,16.9,0
687,Main St,23.91,13.5,1
688,Waterslide,10.5,21.12,0
689,Waterslide,11.3,18.42,1
690,Sunset,22.8,15.9,1
691,Waterslide,10.9,20.32,0
692,Sunset,22.1,16.3,1
693,Waterslide,11.2,17.22,0
694,Main St,21.11,18.4,1
695,Sunset,26.8,17.8,1
696,Waterslide,10.8,16.82,1
697,Main St,19.11,12.9,0
698,Main St,23.11,16.2,0
699,Main St,27.41,15,0
700,Waterslide,10.8,16.72,0
701,Main St,23.91,14.1,1
702,Waterslide,11.4,17.52,1
703,Sunset,24.4,17.3,1
704,Sunset,22.9,14.3,0
705,Waterslide,12.1,19.42,0
706,Main St,19.91,14,0
707,Main St,27.11,15.5,1
708,Sunset,21.8,14.6,0
709,Sunset,21.7,15.8,1
710,Sunset,23.2,17.8,0
711,Main St,29.71,16.2,0
712,Sunset,21.8,16.4,1
713,Waterslide,10.4,15.22,1
714,Sunset,26.1,17.1,1
715,Main St,29.51,14.6,0
716,Sunset,25,16.5,1
717,Main St,16.31,14.4,1
718,Main St,18.61,15.5,1
719,Sunset,23.1,16.3,0
720,Sunset,22.3,16.6,0
721,Main St,32.91,13.7,1
722,Main St,17.71,14,0
723,Sunset,24.8,17.5,0
724,Waterslide,11,17.82,0
725,Sunset,21.6,16.8,0
726,Main St,24.31,12.8,1
727,Waterslide,10.8,13.42,0
728,Sunset,23.8,17.6,0
729,Waterslide,11,21.82,0
730,Main St,30.31,15.5,0
731,Waterslide,10.2,15.92,0
732,Waterslide,11,17.22,0
733,Sunset,24.4,18.4,0
734,Waterslide,11.8,27.12,1
735,Waterslide,11,21.92,0
736,Main St,25.81,13.8,0
737,Waterslide,10.7,18.02,0
738,Main St,26.21,16,0
739,Sunset,16.8,18,1
740,Main St,22.21,17.5,0
741,Main St,26.21,14.3,1
742,Waterslide,11.2,17.62,1
743,Sunset,22.7,18.1,0
744,Waterslide,11,20.32,0
745,Main St,19.61,17.3,1
746,Waterslide,12.2,20.42,1
747,Main St,22.21,16.5,0
748,Waterslide,10.8,16.82,1
749,Waterslide,11,18.52,0
750,Waterslide,10.6,18.62,1
751,Main St,18.11,13.8,1
752,Sunset,19.1,16.4,0
753,Main St,21.71,14.8,0
754,Waterslide,11.1,22.82,0
755,Main St,24.61,12.6,1
756,Sunset,23.6,17.3,0
757,Waterslide,11.5,17.72,0
758,Main St,32.31,12.8,0
759,Main St,24.61,11.7,0
760,Waterslide,10.1,18.32,1
761,Waterslide,10.9,20.02,0
762,Sunset,23.4,17.4,0
763,Waterslide,11.2,18.92,1
764,Sunset,21.8,17.5,1
765,Waterslide,11.1,14.42,1
766,Sunset,20.5,15.6,1
767,Main St,27.81,12.4,1
768,Sunset,22.5,18,1
769,Main St,29.51,14.9,1
770,Waterslide,10.9,18.02,0
771,Main St,17.61,13.7,1
772,Main St,24.01,12,1
773,Waterslide,11.7,22.72,0
774,Main St,27.41,16.7,0
775,Main St,29.61,15.3,0
776,Main St,20.01,17.8,0
777,Waterslide,10.8,18.32,0
778,Main St,26.81,11.9,0
779,Main St,23.31,11.3,0
780,Main St,19.61,11.9,0
781,Main St,28.61,16.4,0
782,Main St,22.71,8.5,0
783,Main St,22.61,13.1,0
784,Sunset,23.7,17.3,1
785,Main St,28.41,13,0
786,Sunset,21.2,16.6,0
787,Waterslide,11,18.32,1
788,Sunset,19.4,16.5,0
789,Sunset,25.9,16.7,1
790,Waterslide,10.8,22.32,0
791,Main St,25.31,12.2,0
792,Main St,22.71,13.8,1
793,Sunset,25.4,16.3,1
794,Sunset,25.1,16.6,1
795,Waterslide,10.6,22.82,0
796,Main St,20.51,16.4,0
797,Main St,23.81,14.8,0
798,Main St,27.71,16.1,0
799,Waterslide,10.3,15.92,1
800,Waterslide,10.9,19.22,0
801,Main St,21.41,10.7,0
802,Main St,25.41,13.8,0
803,Main St,22.41,17.4,0
804,Main St,27.11,13.1,0
805,Waterslide,10.9,23.82,1
806,Main St,24.81,12.3,0
807,Waterslide,11.3,18.12,0
808,Waterslide,10.6,18.32,0
809,Waterslide,10.4,17.92,1
810,Waterslide,11.3,18.92,1
811,Sunset,26.3,16.3,0
812,Main St,20.61,14.6,1
813,Sunset,26.3,15.7,0
814,Sunset,24.7,16.6,1
815,Main St,21.51,18.3,0
816,Sunset,23.1,17.7,1
817,Waterslide,11.1,20.62,0
818,Waterslide,11.1,23.32,0
819,Main St,27.31,13.5,1
820,Sunset,24.2,16.7,0
821,Waterslide,10.7,17.42,0
822,Sunset,21.6,17.6,1
823,Waterslide,10.5,16.92,1
824,Sunset,20.7,17.1,1
825,Main St,20.71,11,1
826,Waterslide,10.9,14.32,0
827,Waterslide,11.1,19.72,0
828,Waterslide,11.3,19.72,0
829,Waterslide,11.2,22.92,0
830,Waterslide,11.7,20.72,0
831,Main St,22.11,11.5,0
832,Sunset,24.3,16.6,1
833,Main St,25.21,16.6,0
834,Sunset,19.6,17.9,0
835,Main St,21.81,14.2,0
836,Sunset,18,16.3,0
837,Main St,25.11,9.8,0
838,Main St,25.31,14.4,0
839,Waterslide,10,23.22,0
840,Sunset,26.7,17.1,0
841,Sunset,22.9,17.4,0
842,Waterslide,11.6,20.92,1
843,Waterslide,11.3,17.52,0
844,Main St,29.21,16.9,1
845,Main St,24.61,13.9,0
846,Sunset,18.8,17.8,1
847,Main St,37.71,17,0
848,Main St,17.71,10.7,0
849,Main St,25.01,11.9,0
850,Waterslide,10.8,17.62,1
851,Waterslide,9.6,18.02,0
852,Waterslide,10.8,15.22,0
853,Sunset,23,16.9,1
854,Sunset,25.2,16.5,0
855,Waterslide,11.5,17.22,0
856,Main St,28.01,15.5,1
857,Waterslide,11.1,16.62,0
858,Waterslide,10.8,19.12,0
859,Waterslide,10.9,18.32,0
860,Main St,20.61,13.9,1
861,Main St,26.51,14.6,1
862,Waterslide,10.1,15.52,1
863,Sunset,23.7,17.4,1
864,Main St,24.41,9.8,0
865,Sunset,22,15.2,0
866,Sunset,24.8,15.9,0
867,Waterslide,10.5,20.22,1
868,Waterslide,11,19.02,0
869,Waterslide,11.4,25.62,0
870,Waterslide,11.6,17.72,1
871,Waterslide,11,20.02,1
872,Main St,25.81,11.9,1
873,Main St,20.41,15.9,0
874,Sunset,24.8,16.8,0
875,Main St,26.51,12,0
876,Main St,18.51,14.3,0
877,Waterslide,10.9,20.42,0
878,Waterslide,10.2,18.92,0
879,Sunset,22.8,16.6,1
880,Waterslide,11.6,17.12,0
881,Main St,21.71,11.3,0
882,Waterslide,10.2,20.72,0
883,Sunset,21.4,15.2,1
884,Main St,21.11,12.2,0
885,Waterslide,10.7,18.12,0
886,Waterslide,10.6,15.92,0
887,Waterslide,11.5,19.42,0
888,Main St,22.21,17.8,1
889,Waterslide,10.7,18.72,0
890,Sunset,25.2,17.8,1
891,Main St,20.41,14.1,1
892,Sunset,23.3,16.3,0
893,Waterslide,10.9,15.22,1
894,Main St,23.31,10.8,1
895,Waterslide,11.7,17.12,1
896,Waterslide,10.1,20.72,0
897,Waterslide,10.5,20.22,1
898,Sunset,20.8,16.2,0
899,Main St,28.41,13.2,0
900,Sunset,23.1,17,1
901,Main St,19.41,18.2,0
902,Waterslide,12,14.32,1
903,Waterslide,11.1,15.12,0
904,Sunset,24.3,17.6,0
905,Sunset,22.8,17.6,1
906,Main St,25.91,13.7,1
907,Sunset,21.7,16.9,0
908,Sunset,19.4,16.8,1
909,Sunset,21.5,16.2,1
910,Sunset,21.4,15.2,1
911,Sunset,24.7,16.7,1
912,Waterslide,11.3,20.02,0
913,Waterslide,10.7,20.12,0
914,Waterslide,11.9,16.12,0
915,Main St,17.41,14.8,1
916,Main St,28.11,16.6,0
917,Main St,22.71,12.4,0
918,Main St,24.41,14.5,0
919,Waterslide,12.4,18.22,0
920,Main St,29.81,14.7,0
921,Sunset,26.2,18.1,0
922,Main St,26.41,16.9,0
923,Sunset,21.6,16.9,0
924,Sunset,21,16.5,0
925,Main St,24.51,11.5,1
926,Sunset,25.1,16.8,0
927,Sunset,24.6,18.4,1
928,Waterslide,11.1,22.52,0
929,Waterslide,11.2,18.62,0
930,Main St,21.01,16.7,0
931,Waterslide,10.8,17.32,1
932,Main St,22.81,14.6,1
933,Sunset,24.5,16.3,1
934,Main St,25.91,16.4,0
935,Sunset,24.5,17.1,1
936,Sunset,22.9,18.2,0
937,Sunset,22.3,16.4,0
938,Waterslide,10,21.42,0
939,Main St,28.31,15,0
940,Waterslide,10.9,21.72,0
941,Waterslide,10.4,19.92,0
942,Sunset,22.2,15.4,1
943,Main St,22.81,14.2,1
944,Sunset,20.7,17.7,0
945,Sunset,26.6,17.6,0
946,Sunset,21.7,16.2,1
947,Sunset,20,16.4,1
948,Main St,20.31,15.5,0
949,Sunset,23.3,17.1,0
950,Main St,23.81,12.4,0
951,Main St,23.81,13.4,1
952,Main St,18.81,13.7,0
953,Main St,21.11,16.2,0
954,Main St,20.51,12.1,0
955,Sunset,21.7,16.9,0
956,Sunset,22.1,16.3,0
957,Waterslide,10.6,15.32,0
958,Sunset,20.1,16.2,0
959,Sunset,25.4,17.8,0
960,Main St,30.61,10.9,1
961,Main St,21.71,12.9,1
962,Waterslide,11.8,20.02,1
963,Waterslide,11.2,14.82,0
964,Sunset,19.8,16.5,1
965,Sunset,22.8,16.8,1
966,Sunset,21.1,17.4,1
967,Main St,29.91,15.1,0
968,Waterslide,11.8,18.92,1
969,Sunset,21,17.3,0
970,Waterslide,11.6,18.82,0
971,Main St,26.21,18.6,1
972,Waterslide,10.8,16.42,0
973,Waterslide,10.5,17.52,1
974,Main St,18.71,15,0
975,Main St,28.41,13.2,1
976,Main St,24.01,15.3,0
977,Sunset,24.1,16.5,0
978,Sunset,20.5,17.4,0
979,Waterslide,12.1,18.82,0
980,Main St,14.91,14.5,0
981,Main St,27.31,19.1,1
982,Sunset,24.2,15.7,0
983,Sunset,24.8,14.6,0
984,Main St,23.61,15.9,0
985,Waterslide,10.7,20.92,0
986,Waterslide,11.7,21.12,1
987,Sunset,23.6,16.8,0
988,Waterslide,10.1,20.22,1
989,Sunset,23.9,15.6,0
990,Waterslide,10.4,20.72,0
991,Main St,23.01,15.9,1
992,Main St,27.41,12.1,0
993,Waterslide,10.8,17.02,1
994,Main St,22.11,15.9,1
995,Main St,24.61,12.5,1
996,Waterslide,11.3,19.32,0
997,Main St,25.91,17.1,1
998,Main St,23.91,16.2,0
999,Main St,26.91,13.8,1
1000,Main St,21.61,13,1
1001,Main St,20.61,13.5,1
1002,Waterslide,10.8,20.42,0
1003,Sunset,20.7,16.2,1
1004,Main St,26.21,14.9,1
1005,Sunset,22.4,16.7,0
1006,Main St,29.01,16.5,0
1007,Main St,22.21,9.2,1
1008,Main St,25.51,11.1,0
1009,Sunset,25.8,16.5,0
1010,Main St,30.71,10.9,0
1011,Waterslide,10.5,21.82,0
1012,Main St,27.01,14.3,0
1013,Sunset,21.5,14.9,1
1014,Sunset,24.5,16.3,0
1015,Main St,21.41,11.8,0
1016,Sunset,26.6,14.8,0
1017,Waterslide,11.2,21.02,0
1018,Main St,35.81,19.5,1
1019,Waterslide,11.1,16.92,1
1020,Main St,30.01,14.2,1
1021,Main St,28.01,12.5,1
1022,Sunset,23.3,16.4,0
1023,Waterslide,10,21.02,1
1024,Waterslide,10.4,16.82,0
1025,Sunset,21.6,17.3,0
1026,Sunset,21.5,17.1,0
1027,Sunset,24.3,16.6,0
1028,Waterslide,11.8,19.22,0
1029,Main St,19.91,19.4,0
1030,Main St,29.71,14.8,0
1031,Main St,29.71,17.1,1
1032,Main St,24.81,13.2,1
1033,Waterslide,11.5,17.82,1
1034,Main St,25.91,12.4,0
1035,Waterslide,11.2,16.32,0
1036,Waterslide,11.3,15.62,1
1037,Sunset,20.2,16,1
1038,Main St,27.11,9.8,1
1039,Main St,19.41,16.4,0
1040,Sunset,24.3,17.8,1
1041,Sunset,22.5,17.9,1
1042,Sunset,23.3,17.4,0
1043,Main St,25.81,13.6,0
1044,Waterslide,10.2,18.22,0
1045,Main St,23.81,14.8,0
1046,Main St,26.41,13.4,0
1047,Sunset,22.2,15.5,1
1048,Sunset,22.4,16.7,0
1049,Sunset,22.5,15.5,0
1050,Sunset,23.5,15.6,0
1051,Waterslide,10.9,16.02,0
1052,Sunset,20.5,16.2,1
1053,Sunset,22.5,17.5,1
1054,Main St,26.51,13.6,0
1055,Main St,25.71,11.9,0
1056,Sunset,24.2,18.5,0
1057,Waterslide,11.3,18.12,1
1058,Sunset,18.9,18.3,1
1059,Main St,23.41,14.4,0
1060,Waterslide,11.1,15.32,0
1061,Main St,28.31,15.2,0
1062,Main St,28.71,13.4,0
1063,Main St,30.41,13.6,0
1064,Main St,21.11,14.8,0
1065,Sunset,24.4,16.8,0
1066,Main St,26.81,16.6,0
1067,Waterslide,11.4,20.72,1
1068,Sunset,21.3,17.7,0
1069,Sunset,24.8,17.3,1
1070,Main St,18.41,14.9,0
1071,Waterslide,11.9,24.22,0
1072,Main St,21.01,13.6,0
1073,Sunset,25.6,15.3,0
1074,Waterslide,11.8,16.72,0
1075,Waterslide,10.8,20.42,0
1076,Sunset,17.1,16.8,1
1077,Waterslide,11.2,15.52,0
1078,Waterslide,11.1,17.82,0
1079,Sunset,23.5,16.4,0
1080,Main St,19.51,15.7,1
1081,Sunset,25.3,16.9,1
1082,Main St,27.31,10.7,0
1083,Main St,26.01,11,0
1084,Waterslide,9.9,20.22,1
1085,Sunset,19.3,16.2,1
1086,Main St,20.51,11.7,1
1087,Sunset,22.2,17.7,0
1088,Main St,26.61,15.5,0
1089,Sunset,24.8,16.6,0
1090,Main St,25.61,18,0
1091,Sunset,24.6,17.8,0
1092,Main St,25.21,15.4,0
1093,Sunset,24.4,16.8,0
1094,Sunset,24.3,17.8,1
1095,Sunset,18.9,15.8,0
1096,Waterslide,11.5,19.82,1
1097,Main St,23.81,12.8,1
1098,Main St,19.61,14.2,0
1099,Waterslide,9.9,14.22,0
1100,Waterslide,10.9,21.82,0
1101,Waterslide,10.3,19.72,0
1102,Waterslide,11.2,17.12,0
1103,Main St,24.31,13.5,0
1104,Waterslide,11.9,22.62,1
1105,Sunset,27.2,15.6,1
1106,Main St,27.01,13.9,0
1107,Waterslide,11.6,16.62,1
1108,Main St,22.91,12.3,0
1109,Waterslide,11.1,22.42,1
1110,Sunset,21.4,16.2,0
1111,Main St,26.21,13.9,0
1112,Sunset,21.7,17.5,0
1113,Main St,22.71,10.7,0
1114,Sunset,24.2,17,1
1115,Main St,24.31,17.7,0
1116,Waterslide,11.4,19.52,0
1117,Main St,18.11,16.4,0
1118,Main St,25.61,12.1,0
1119,Waterslide,10.8,21.52,0
1120,Main St,27.51,15.3,0
1121,Main St,31.01,11.8,0
1122,Waterslide,11.3,15.12,0
1123,Main St,24.01,12.7,0
1124,Waterslide,10.5,21.12,0
1125,Waterslide,11.1,21.52,1
1126,Sunset,25.3,16.9,1
1127,Main St,21.81,12.5,0
1128,Main St,25.01,11.7,1
1129,Waterslide,10,18.92,1
1130,Sunset,24.9,15.2,0
1131,Main St,24.41,13.9,1
1132,Sunset,21.8,18.1,0
1133,Main St,29.11,13,0
1134,Main St,19.91,18.1,1
1135,Main St,24.71,15.6,1
1136,Main St,22.31,15.1,1
1137,Sunset,26.3,15.1,0
1138,Waterslide,10.8,19.92,1
1139,Sunset,20.8,16.5,1
1140,Sunset,22.4,16.4,1
1141,Main St,23.81,16.4,0
1142,Waterslide,11.6,22.82,0
1143,Sunset,24.7,16.8,0
1144,Sunset,22,17.4,0
1145,Sunset,24.9,17,0
1146,Main St,18.81,11.4,0
1147,Sunset,25.5,17.8,1
1148,Waterslide,10.7,19.12,0
1149,Main St,22.41,12.1,0
1150,Waterslide,12,19.12,0
1151,Sunset,24.6,17.2,0
1152,Main St,22.61,15.1,0
1153,Waterslide,11.2,10.42,0
1154,Waterslide,11.1,19.42,0
1155,Waterslide,11,22.92,0
1156,Waterslide,11.7,21.92,1
1157,Waterslide,11,18.02,1
1158,Waterslide,11.3,16.52,1
1159,Waterslide,11,18.32,1
1160,Sunset,23.5,17.3,1
1161,Main St,27.61,12.7,0
1162,Sunset,23.1,17.2,1
1163,Waterslide,11.1,17.32,0
1164,Sunset,19.9,16.2,0
1165,Sunset,22.1,15.7,0
1166,Sunset,24.7,14.6,0
1167,Sunset,25.4,16.2,0
1168,Waterslide,11,17.02,1
1169,Main St,22.91,16.1,1
1170,Main St,29.21,11.9,1
1171,Sunset,20.5,16.7,1
1172,Main St,27.71,15.4,0
1173,Sunset,26.9,17.6,0
1174,Waterslide,10.8,16.72,0
1175,Waterslide,11,18.92,0
1176,Waterslide,11.3,20.62,0
1177,Main St,32.81,11,0
1178,Sunset,19.5,17.6,0
1179,Sunset,24.7,16.6,0
1180,Waterslide,12.1,20.62,1
1181,Sunset,21.1,17.4,1
1182,Sunset,21.4,17.9,0
1183,Waterslide,12,17.02,0
1184,Main St,25.41,17,1
1185,Sunset,24.4,17.8,1
1186,Waterslide,10.9,21.02,0
1187,Sunset,20,17.1,0
1188,Main St,20.81,13.2,0
1189,Main St,23.71,17.1,0
1190,Main St,19.81,13,0
1191,Sunset,21,17.4,1
1192,Waterslide,11.1,19.32,0
1193,Main St,23.81,14.3,1
1194,Main St,23.71,15.5,0
1195,Main St,24.21,17.7,0
1196,Sunset,21.9,17.8,0
1197,Main St,21.61,14.2,0
1198,Main St,21.01,17.3,0
1199,Waterslide,11,18.22,0
1200,Waterslide,10.6,19.02,0
1201,Sunset,19.7,17.3,1
1202,Sunset,22,16.7,1
1203,Sunset,22.3,14.9,1
1204,Waterslide,10.7,20.32,1
1205,Waterslide,10.7,17.22,0
1206,Main St,22.11,15,0
1207,Main St,22.61,10.7,0
1208,Sunset,22.7,16.7,1
1209,Sunset,20.3,17.7,0
1210,Main St,17.31,14.7,0
1211,Waterslide,11.3,17.32,1
1212,Main St,17.21,13.7,0
1213,Waterslide,11.1,19.92,0
1214,Waterslide,11.2,13.62,0
1215,Sunset,24.7,17.1,1
1216,Waterslide,11.6,15.52,0
1217,Main St,23.41,10,0
1218,Main St,25.01,20.7,1
1219,Waterslide,11.3,26.02,1
1220,Sunset,22.3,16,0
1221,Main St,14.41,10.6,0
1222,Main St,19.51,14.5,0
1223,Main St,18.31,12.8,1
1224,Main St,19.01,15.1,0
1225,Main St,24.41,14.8,0
1226,Waterslide,10.8,17.92,0
1227,Waterslide,11.5,17.72,0
1228,Waterslide,11.3,22.22,1
1229,Waterslide,10.5,21.22,0
1230,Waterslide,11.4,16.32,0
1231,Sunset,24.9,15.6,0
1232,Main St,20.31,10.7,0
1233,Sunset,24.9,18,0
1234,Sunset,21.9,16.4,0
1235,Sunset,24.5,17.8,0
1236,Waterslide,11.2,20.92,0
1237,Sunset,23.6,17.1,0
1238,Main St,17.51,9.6,0
1239,Waterslide,10.2,18.42,0
1240,Main St,25.11,18,0
1241,Sunset,22.9,16.1,1
1242,Sunset,21.2,14.8,0
1243,Main St,22.91,13.4,0
1244,Main St,25.21,13.9,0
1245,Sunset,23.6,17.5,0
1246,Main St,28.21,14.3,0
1247,Sunset,20.8,16.4,0
1248,Waterslide,11.3,18.82,0
1249,Main St,30.61,11.7,0
1250,Main St,24.51,13.9,1
1251,Waterslide,11.2,12.62,0
1252,Waterslide,11.3,18.82,1
1253,Sunset,24.7,16,0
1254,Main St,26.61,15.5,1
1255,Sunset,23.9,17.4,0
1256,Waterslide,11,16.42,1
1257,Main St,27.51,14.9,1
1258,Sunset,19.6,18,1
1259,Waterslide,10.2,21.72,1
1260,Sunset,26.1,16.4,0
1261,Waterslide,10.7,19.92,0
1262,Sunset,25.4,16.6,0
1263,Sunset,25.4,17.7,0
1264,Main St,25.51,11.1,0
1265,Main St,20.61,16.8,0
1266,Waterslide,10,20.12,0
1267,Waterslide,11,19.32,1
1268,Waterslide,11.5,16.52,0
1269,Waterslide,11.6,18.32,1
1270,Waterslide,10.6,19.32,1
1271,Waterslide,10.7,16.22,0
1272,Main St,23.41,16.3,1
1273,Main St,26.11,14.4,1
1274,Main St,29.01,12.8,1
1275,Sunset,22.7,16.3,0
1276,Main St,30.31,15.3,1
1277,Sunset,22,16.7,0
1278,Main St,26.71,10.2,1
1279,Waterslide,11,16.62,1
1280,Main St,31.41,14.2,0
1281,Waterslide,10.4,20.82,0
1282,Main St,26.51,11.3,0
1283,Waterslide,10.1,20.82,0
1284,Waterslide,10.3,18.92,1
1285,Main St,25.21,12.2,0
1286,Main St,32.31,10.8,1
1287,Sunset,27.9,18.1,0
1288,Sunset,23.6,17.3,0
1289,Waterslide,11.5,18.62,1
1290,Waterslide,11.2,24.32,1
1291,Main St,22.31,13.2,0
1292,Main St,26.71,12.9,0
1293,Sunset,23.6,17.5,0
1294,Sunset,24.3,16.5,0
1295,Waterslide,11.1,17.72,0
1296,Waterslide,10.6,14.32,1
1297,Waterslide,11.7,17.52,0
1298,Waterslide,10.6,25.92,0
1299,Waterslide,10.8,19.82,1
1300,Main St,31.11,14.6,0
1301,Sunset,22.7,17.4,0
1302,Main St,19.61,15.7,0
1303,Sunset,24.5,18,1
1304,Sunset,22.7,16.2,0
1305,Main St,23.61,15.6,0
1306,Waterslide,12,16.22,0
1307,Main St,21.81,17,0
1308,Sunset,19.7,18.1,0
1309,Main St,21.41,14,1
1310,Sunset,18.8,17.8,1
1311,Main St,18.71,14.9,1
1312,Waterslide,11.4,16.72,1
1313,Sunset,22.3,17.7,0
1314,Waterslide,9.9,17.52,1
1315,Waterslide,11.1,20.62,0
1316,Main St,27.01,12.5,0
1317,Waterslide,10.6,21.92,0
1318,Main St,23.51,13.2,0
1319,Sunset,22.8,17.1,1
1320,Waterslide,10,18.62,0
1321,Waterslide,10.8,17.02,1
1322,Sunset,21.2,17.1,0
1323,Sunset,22.4,17.8,0
1324,Main St,29.71,14.2,0
1325,Sunset,21.9,16.5,0
1326,Waterslide,10.5,18.02,1
1327,Sunset,21.4,15,0
1328,Waterslide,10.3,14.52,0
1329,Waterslide,10.3,20.62,1
1330,Main St,20.81,11.7,0
1331,Main St,18.71,11.6,1
1332,Waterslide,10.5,15.12,1
1333,Sunset,22.8,16.3,0
1334,Main St,20.31,12.2,1
1335,Main St,18.51,14.9,0
1336,Sunset,22.1,15.8,0
1337,Main St,38.51,17.8,0
1338,Waterslide,11.4,17.12,0
1339,Waterslide,11.3,19.92,0
1340,Main St,31.61,15.1,0
1341,Sunset,22.9,18.2,0
1342,Waterslide,11.7,21.62,0
1343,Sunset,25.8,17.2,0
1344,Sunset,22.7,16.7,1
1345,Sunset,19.5,15.7,0
1346,Main St,25.01,11.9,1
1347,Waterslide,10.8,15.52,1
1348,Sunset,23,15.3,0
1349,Main St,21.51,13.4,0
1350,Waterslide,10.7,18.32,1
1351,Main St,18.71,13.6,0
1352,Main St,23.61,13.2,0
1353,Waterslide,11.1,17.52,1
1354,Sunset,21.8,15.7,0
1355,Main St,22.91,15.5,0
1356,Main St,32.51,11.6,1
1357,Sunset,22,16.5,0
1358,Sunset,23.9,16.5,0
1359,Sunset,27.7,15.5,1
1360,Sunset,23.1,17.8,0
1361,Sunset,23.6,16.4,1
1362,Sunset,23,17,1
1363,Main St,27.01,13.8,1
1364,Main St,20.81,14,0
1365,Waterslide,12.1,22.22,0
1366,Main St,25.01,10.8,0
1367,Sunset,21.7,17.8,1
1368,Waterslide,10.7,19.52,0
1369,Sunset,25.8,17.9,0
1370,Main St,21.71,12.8,1
1371,Sunset,23.7,16.9,0
1372,Waterslide,10.8,20.72,1
1373,Main St,20.71,13.6,0
1374,Sunset,24,16.8,0
1375,Main St,26.21,13.8,1
1376,Waterslide,10.8,19.62,0
1377,Waterslide,11.4,20.32,0
1378,Sunset,27.1,16.5,0
1379,Sunset,27.7,16.2,0
1380,Main St,21.01,17.3,0
1381,Waterslide,11.3,21.52,1
1382,Sunset,25.4,15,0
1383,Sunset,25.8,15.4,0
1384,Sunset,21.9,15.9,0
1385,Waterslide,10.8,18.02,0
1386,Main St,19.51,13.4,0
1387,Main St,20.31,17.7,0
1388,Main St,23.71,15.7,0
1389,Sunset,23.5,18.1,1
1390,Sunset,19.9,16,0
1391,Waterslide,10.9,17.92,0
1392,Sunset,27,15.1,0
1393,Sunset,24.4,16.7,1
1394,Main St,20.81,14.3,1
1395,Sunset,21.5,18.5,0
1396,Waterslide,11.3,18.82,1
1397,Main St,28.61,14.5,0
1398,Waterslide,11,24.02,0
1399,Main St,22.21,14.5,1
1400,Main St,18.31,15,0
1401,Main St,18.31,12.9,0
1402,Sunset,20.5,15.8,0
1403,Sunset,24.8,17,1
1404,Main St,24.21,15.6,1
1405,Waterslide,10.8,17.52,0
1406,Main St,16.21,11.8,1
1407,Waterslide,11.3,19.42,0
1408,Main St,28.81,13.8,0
1409,Sunset,25.7,16.6,0
1410,Main St,26.61,11.8,1
1411,Sunset,22.7,15.3,1
1412,Main St,17.71,11.9,0
1413,Sunset,22.2,16.1,1
1414,Main St,29.21,15.1,0
1415,Main St,23.71,13.9,0
1416,Waterslide,11.2,17.82,0
1417,Waterslide,11.5,22.42,1
1418,Sunset,21.9,16.8,0
1419,Sunset,21.2,16.9,1
1420,Sunset,22.4,16.9,0
1421,Waterslide,11,20.42,1
1422,Sunset,21.6,16.3,1
1423,Main St,16.41,11.1,0
1424,Waterslide,11.9,16.72,1
1425,Main St,23.21,14.8,1
1426,Sunset,24,18.3,0
1427,Main St,19.81,14.4,0
1428,Main St,25.61,13.3,0
1429,Sunset,14.8,17.7,0
1430,Waterslide,11.4,17.02,0
1431,Waterslide,11,14.12,1
1432,Main St,29.71,14.6,1
1433,Waterslide,10.4,20.02,1
1434,Sunset,21.9,17.1,0
1435,Sunset,19.4,16.4,0
1436,Main St,21.41,17.7,0
1437,Main St,23.31,13.2,0
1438,Waterslide,11.1,16.82,1
1439,Main St,25.11,13.4,1
1440,Waterslide,10.4,15.32,0
1441,Waterslide,10.8,15.32,1
1442,Sunset,25.7,15.7,1
1443,Waterslide,10.9,19.42,0
1444,Sunset,22.9,17.3,0
1445,Sunset,22.3,17.4,1
1446,Sunset,25.7,16.3,1
1447,Sunset,26.2,17.9,0
1448,Sunset,21.5,17.8,0
1449,Waterslide,11.3,14.12,1
1450,Sunset,17.5,17.4,0
1451,Main St,30.01,13.9,1
1452,Sunset,25.4,17.4,0
1453,Sunset,22.4,16.1,1
1454,Main St,29.11,15,1
1455,Waterslide,10.7,19.92,0
1456,Sunset,20.5,18.1,0
1457,Waterslide,10.8,21.12,0
1458,Main St,25.61,12,1
1459,Waterslide,10.5,16.12,0
1460,Main St,24.41,11.5,1
1461,Main St,21.41,13.1,0
1462,Waterslide,12.1,16.32,0
1463,Main St,29.71,13,1
1464,Waterslide,10.9,21.12,0
1465,Main St,18.71,14,1
1466,Sunset,24.2,17.5,0
1467,Sunset,27.4,17.3,0
1468,Main St,26.01,13.4,0
1469,Main St,24.61,17.1,0
1470,Waterslide,10,17.62,0
1471,Waterslide,11.2,23.72,0
1472,Main St,17.01,13.5,1
1473,Waterslide,10.8,17.42,1
1474,Main St,27.71,13.8,1
1475,Main St,20.41,13,1
1476,Waterslide,11.4,18.42,0
1477,Main St,23.11,12.6,0
1478,Sunset,21.5,16.7,1
1479,Sunset,26.4,15.9,1
1480,Main St,22.31,12.5,0
1481,Waterslide,10.8,20.62,0
1482,Waterslide,11.2,18.82,0
1483,Sunset,21.9,16.2,1
1484,Main St,28.01,14,0
1485,Sunset,20.2,17.6,1
1486,Sunset,24.4,16.8,1
1487,Waterslide,10.3,19.32,0
1488,Waterslide,11.1,15.62,0
1489,Sunset,23.4,16.8,0
1490,Waterslide,10.5,19.62,1
1491,Main St,21.81,14.6,0
1492,Main St,25.71,10.8,0
1493,Waterslide,10.7,21.82,0
1494,Waterslide,10.6,19.92,0
1495,Waterslide,11.7,17.32,1
1496,Main St,20.91,13.8,0
1497,Sunset,26.3,14.3,1
1498,Waterslide,12.2,17.12,0
1499,Main St,22.31,16.8,1
1500,Main St,23.51,12.2,0
1501,Sunset,19.3,16.3,1
1502,Sunset,22.7,16.7,0
1503,Main St,32.11,12.4,0
1504,Main St,25.41,16.4,1
1505,Main St,23.31,15.6,0
1506,Main St,20.91,12.6,1
1507,Sunset,20.4,15.6,0
1508,Waterslide,10.5,20.82,0
1509,Main St,17.91,8.8,1
1510,Waterslide,11.1,19.92,0
1511,Sunset,20.4,15.7,1
1512,Waterslide,11.1,20.02,0
1513,Sunset,22.7,18,0
1514,Sunset,22,16.9,0
1515,Waterslide,10.4,17.22,1
1516,Sunset,23.2,17.7,0
1517,Main St,21.51,14.8,1
1518,Sunset,20.4,16.7,0
1519,Waterslide,11.2,17.72,1
1520,Sunset,22.9,17,1
1521,Main St,21.71,12.9,0
1522,Sunset,23.1,16.3,0
1523,Main St,22.01,15.6,0
1524,Sunset,24.7,17.2,0
1525,Sunset,20.6,15.9,1
1526,Main St,20.81,15.9,0
1527,Waterslide,11.2,18.52,1
1528,Sunset,21.8,16.6,1
1529,Waterslide,11.8,24.42,1
1530,Waterslide,10.6,20.42,0
1531,Main St,25.61,12.1,1
1532,Sunset,20.9,14.3,1
1533,Sunset,22.8,17.1,0
1534,Main St,29.01,17.8,1
1535,Sunset,21.6,16.9,0
1536,Sunset,20.1,16.3,1
1537,Main St,26.41,10.9,0
1538,Waterslide,11.3,16.52,0
1539,Sunset,26.8,17.5,0
1540,Main St,26.11,14.1,0
1541,Sunset,20.8,15.4,0
1542,Sunset,20.7,17.5,1
1543,Sunset,20,17.2,0
1544,Waterslide,11.3,19.62,0
1545,Main St,30.81,15.8,0
1546,Main St,23.31,13.1,0
1547,Waterslide,11.3,20.12,1
1548,Main St,24.01,10.8,0
1549,Main St,22.01,14.8,1
1550,Main St,30.11,15.9,0
1551,Waterslide,11.2,21.12,0
1552,Main St,26.31,14.3,0
1553,Main St,27.51,14.9,0
1554,Waterslide,10.7,18.12,0
1555,Waterslide,12.3,16.92,0
1556,Sunset,23.2,17.5,0
1557,Waterslide,11.2,17.22,0
1558,Sunset,25.2,15.4,1
1559,Main St,25.51,14,0
1560,Waterslide,10.3,22.42,1
1561,Waterslide,10.2,12.12,0
1562,Main St,22.61,11.1,0
1563,Sunset,20.1,16,0
1564,Main St,18.91,15.4,0
1565,Main St,24.41,14,0
1566,Waterslide,11.2,20.02,0
1567,Main St,26.31,9.8,0
1568,Waterslide,9.9,18.12,0
1569,Waterslide,11.5,16.42,1
1570,Main St,23.01,12.2,0
1571,Sunset,20.7,15.8,0
1572,Waterslide,10.9,17.12,1
1573,Sunset,24.9,17.1,1
1574,Sunset,25.5,16.4,1
1575,Main St,21.61,10.4,1
1576,Waterslide,11.2,22.82,0
1577,Main St,21.31,14.3,1
1578,Sunset,23.1,16.9,0
1579,Sunset,23.4,16.7,0
1580,Waterslide,11.3,18.32,0
1581,Waterslide,11.5,15.62,1
1582,Waterslide,10.5,17.62,0
1583,Sunset,23.6,16.9,0
1584,Waterslide,10.4,19.92,1
1585,Sunset,21.2,17.1,1
1586,Main St,23.51,16.3,0
1587,Main St,24.21,13.9,1
1588,Waterslide,10.6,16.92,1
1589,Main St,28.31,14.3,0
1590,Main St,28.41,13.5,1
1591,Waterslide,11.1,22.22,1
1592,Waterslide,11.3,20.02,1
1593,Sunset,25.9,17.8,1
1594,Waterslide,11.9,19.32,0
1595,Sunset,20.9,16.5,0
1596,Waterslide,11.1,25.02,1
1597,Main St,23.51,13,1
1598,Sunset,23.4,16.7,0
1599,Sunset,25,15.8,0
1600,Sunset,20.8,17.7,1
1601,Sunset,23.6,18.1,1
1602,Waterslide,10.8,16.22,0
1603,Main St,27.71,14.4,1
1604,Waterslide,10.7,17.52,0
1605,Sunset,24,17.2,0
1606,Main St,18.71,17.5,0
1607,Main St,23.91,12.7,0
1608,Waterslide,10.6,25.02,0
1609,Waterslide,11,20.02,0
1610,Sunset,23.4,18,1
1611,Waterslide,11,19.72,1
1612,Main St,24.01,14.6,0
1613,Waterslide,10.7,16.82,0
1614,Sunset,22,17.1,1
1615,Main St,19.81,14.4,1
1616,Main St,27.51,13.7,1
1617,Waterslide,10.9,16.72,0
1618,Sunset,24.5,17.1,0
1619,Waterslide,10.4,16.42,0
1620,Waterslide,10.2,16.12,1
1621,Waterslide,11.3,18.12,0
1622,Waterslide,11.4,17.22,1
1623,Main St,22.71,15.9,0
1624,Main St,26.61,16,0
1625,Main St,30.31,12.4,0
1626,Main St,17.61,12.5,0
1627,Main St,29.61,9.3,1
1628,Main St,25.31,14.8,1
1629,Sunset,23.2,17,1
1630,Waterslide,11.4,21.62,0
1631,Waterslide,10.6,16.92,1
1632,Main St,25.21,12.7,0
1633,Main St,15.01,14.5,0
1634,Main St,21.11,15.7,0
1635,Waterslide,10.5,25.22,0
1636,Sunset,23.2,15.4,0
1637,Sunset,20.2,16.7,0
1638,Main St,27.91,14.5,0
1639,Main St,27.61,8.8,0
1640,Sunset,18.1,15.9,0
1641,Sunset,21.6,17.2,1
1642,Sunset,27.6,17.2,0
1643,Main St,18.61,13.6,1
1644,Main St,23.81,15.7,0
1645,Main St,18.01,10.8,1
1646,Waterslide,10.8,17.02,1
1647,Sunset,21.2,16.4,1
1648,Main St,27.41,12.9,0
1649,Main St,22.31,15.4,0
1650,Waterslide,10.2,15.32,0
1651,Sunset,22.8,16.9,0
1652,Main St,17.21,16.4,0
1653,Main St,22.81,11.3,0
1654,Waterslide,10.4,17.72,0
1655,Main St,23.91,14.1,0
1656,Main St,31.81,13.2,1
1657,Waterslide,10.5,20.82,0
1658,Main St,20.51,12.9,0
1659,Waterslide,11.1,20.52,0
1660,Main St,22.41,14,0
1661,Waterslide,10.9,20.32,0
1662,Main St,26.31,15.9,0
1663,Main St,19.91,16.3,0
1664,Main St,25.61,13.3,1
1665,Main St,30.11,14.3,0
1666,Sunset,23,16.9,0
1667,Waterslide,10.8,17.92,0
1668,Waterslide,10.7,19.02,1
1669,Main St,20.61,15.8,0
1670,Main St,22.81,16.4,0
1671,Main St,19.31,13.6,0
1672,Waterslide,11.6,18.92,1
1673,Main St,27.01,12.4,0
1674,Waterslide,10.9,16.42,1
1675,Sunset,22.7,16.5,1
1676,Waterslide,11.8,17.42,1
1677,Waterslide,10.7,17.42,0
1678,Waterslide,10.7,15.92,0
1679,Waterslide,10.9,19.62,0
1680,Waterslide,10.5,22.42,0
1681,Sunset,26,17.3,1
1682,Sunset,23.8,16.7,0
1683,Sunset,20.4,18.1,0
1684,Waterslide,11.7,20.22,0
1685,Main St,24.41,15.5,0
1686,Main St,32.61,14.2,0
1687,Sunset,23.4,17.2,0
1688,Main St,24.71,13.6,0
1689,Main St,24.91,13.4,0
1690,Sunset,21.7,16.3,0
1691,Waterslide,10.4,20.02,0
1692,Waterslide,11,21.62,0
1693,Main St,28.21,15.8,0
1694,Waterslide,10.8,20.42,0
1695,Sunset,20.9,16.2,0
1696,Sunset,20.8,16.6,1
1697,Main St,19.91,15.1,0
1698,Main St,28.21,17.7,1
1699,Main St,21.81,16.4,0
1700,Main St,25.81,13.3,0
1701,Waterslide,10.4,21.12,0
1702,Waterslide,10.7,18.22,1
1703,Waterslide,10.7,17.72,0
1704,Sunset,21.8,16.6,0
1705,Waterslide,10.2,18.82,1
1706,Waterslide,10.7,19.32,0
1707,Main St,21.21,16,0
1708,Main St,19.11,11.7,0
1709,Waterslide,12,15.92,0
1710,Waterslide,11.1,20.22,0
1711,Sunset,27.5,16.9,0
1712,Waterslide,11.7,20.72,0
1713,Sunset,22.1,16,1
1714,Sunset,27.1,15.6,1
1715,Waterslide,10.3,19.22,0
1716,Sunset,23.3,14.6,1
1717,Main St,23.01,16.8,0
1718,Main St,30.41,15.3,1
1719,Main St,28.01,14.4,0
1720,Main St,20.81,13.5,0
1721,Main St,23.91,15.8,0
1722,Waterslide,11.4,17.42,1
1723,Waterslide,10.6,16.82,0
1724,Sunset,22.6,15.3,1
1725,Main St,18.81,16.1,0
1726,Main St,31.51,14.6,0
1727,Main St,25.41,16.1,0
1728,Sunset,22.9,17.4,0
1729,Waterslide,11.2,21.02,0
1730,Main St,25.81,13.9,1
1731,Waterslide,11,17.02,0
1732,Waterslide,10.5,25.52,1
1733,Main St,19.01,16.6,1
1734,Waterslide,10.9,18.52,0
1735,Sunset,24.3,15.6,0
1736,Sunset,23.8,16,0
1737,Main St,24.31,13.9,0
1738,Main St,29.71,15.1,1
1739,Main St,19.31,14.2,1
1740,Waterslide,11.2,20.52,0
1741,Waterslide,10.6,18.12,0
1742,Waterslide,11.3,19.82,1
1743,Sunset,23.9,15.2,1
1744,Sunset,24.5,15.4,0
1745,Sunset,22.7,17.9,1
1746,Main St,23.91,16.1,1
1747,Sunset,19.9,16.6,0
1748,Sunset,19.5,16.5,1
1749,Sunset,21,17.2,1
1750,Main St,28.11,14.1,1
1751,Waterslide,11.7,17.02,0
1752,Sunset,25.9,16.4,0
1753,Sunset,24.8,17.5,0
1754,Sunset,25.6,18.3,1
1755,Main St,18.31,13.2,1
1756,Waterslide,10.5,18.92,1
1757,Sunset,25.5,17.7,0
1758,Sunset,23,16,1
1759,Waterslide,10.5,14.82,0
1760,Waterslide,11.2,21.22,0
1761,Main St,23.51,15.8,0
1762,Main St,24.31,13.4,1
1763,Waterslide,10.5,19.52,1
1764,Waterslide,11.2,17.82,1
1765,Main St,27.21,11.1,0
1766,Sunset,24,17.2,1
1767,Sunset,27,16.2,0
1768,Waterslide,10,15.82,1
1769,Sunset,24.4,14.8,0
1770,Sunset,23.3,16.6,1
1771,Waterslide,11.3,21.12,0
1772,Main St,20.51,15.7,0
1773,Main St,23.61,16.5,0
1774,Main St,23.31,12.2,0
1775,Sunset,23.9,15.7,0
1776,Main St,23.11,16.6,0
1777,Main St,25.61,16,1
1778,Waterslide,11.6,13.72,0
1779,Waterslide,11.6,17.22,0
1780,Sunset,24.5,16.1,1
1781,Main St,27.71,13.2,1
1782,Sunset,23.9,16.7,1
1783,Waterslide,11,19.12,0
1784,Sunset,20.7,18.3,1
1785,Main St,25.51,13.5,1
1786,Main St,24.31,15.6,0
1787,Waterslide,11.1,18.12,1
1788,Waterslide,11.2,19.92,0
1789,Sunset,18.7,15.9,1
1790,Main St,27.21,12.8,1
1791,Sunset,23,17.5,1
1792,Sunset,19.7,16.4,1
1793,Sunset,21.3,17.5,0
1794,Waterslide,11,18.62,0
1795,Waterslide,11.1,17.02,1
1796,Sunset,20.5,16.8,1
1797,Waterslide,11.2,19.02,1
1798,Waterslide,11.2,19.42,0
1799,Waterslide,10.3,21.32,0
1800,Sunset,24.7,17.9,0
1801,Waterslide,10.6,18.32,0
1802,Waterslide,11.3,14.92,0
1803,Main St,21.31,13.6,0
1804,Sunset,24.8,17.4,0
1805,Waterslide,11.3,15.62,1
1806,Main St,27.11,12.8,0
1807,Sunset,19.1,16.8,0
1808,Sunset,20.7,16.8,0
1809,Sunset,22.3,15,0
1810,Sunset,23.5,16.8,0
1811,Waterslide,11.6,17.12,0
1812,Main St,35.71,16.1,0
1813,Sunset,18.5,17.2,0
1814,Main St,25.51,15.4,0
1815,Sunset,22.3,17.6,1
1816,Main St,27.21,15.2,0
1817,Waterslide,11.1,17.72,0
1818,Main St,16.91,14.1,1
1819,Waterslide,11.9,20.12,1
1820,Sunset,20.1,15.6,1
1821,Sunset,22.6,17.3,0
1822,Waterslide,10.3,15.62,0
1823,Waterslide,11.1,20.12,0
1824,Sunset,17.1,17.9,0
1825,Waterslide,11.1,17.92,1
1826,Main St,24.51,15.5,0
1827,Sunset,19.5,15,0
1828,Waterslide,10.4,16.52,0
1829,Waterslide,11,21.62,0
1830,Waterslide,11,20.72,0
1831,Sunset,22.4,16.9,1
1832,Waterslide,10.8,20.92,0
1833,Waterslide,12,19.32,0
1834,Main St,24.61,14.5,0
1835,Waterslide,11.6,15.82,1
1836,Main St,21.31,13.7,1
1837,Sunset,27.1,16.2,0
1838,Main St,20.11,13.8,0
1839,Main St,21.81,10.7,1
1840,Sunset,22,18.4,0
1841,Main St,28.31,15.8,1
1842,Main St,26.41,14,1
1843,Waterslide,11.1,15.32,0
1844,Waterslide,10.3,19.02,0
1845,Sunset,21.6,17.1,1
1846,Sunset,22,17.7,0
1847,Sunset,23.8,16.6,1
1848,Waterslide,12.1,17.12,0
1849,Sunset,22.2,16.4,0
1850,Main St,30.91,12.7,0
1851,Sunset,22.4,16.8,0
1852,Waterslide,11.2,13.02,0
1853,Main St,28.81,12.1,1
1854,Sunset,28.1,17.5,1
1855,Waterslide,10.5,18.32,0
1856,Main St,17.51,13.2,0
1857,Sunset,23.5,16.2,0
1858,Sunset,21.9,16.4,1
1859,Waterslide,11,18.72,0
1860,Waterslide,12,20.82,0
1861,Waterslide,10.5,20.62,0
1862,Main St,31.81,16.3,0
1863,Waterslide,10.8,17.12,0
1864,Main St,26.11,12.4,0
1865,Waterslide,10.6,17.02,1
1866,Sunset,19.9,16.7,0
1867,Sunset,20.6,16,0
1868,Main St,26.81,15.3,0
1869,Main St,24.31,10.8,0
1870,Sunset,24.9,17.2,1
1871,Main St,21.21,13.3,1
1872,Waterslide,11,18.92,0
1873,Waterslide,10.7,19.72,1
1874,Main St,33.01,12.2,0
1875,Waterslide,11.9,21.32,0
1876,Sunset,24.9,17.6,1
1877,Waterslide,11.6,19.32,1
1878,Main St,25.11,14.7,1
1879,Waterslide,11.5,20.52,1
1880,Sunset,24.9,17.4,0
1881,Waterslide,11,17.22,0
1882,Waterslide,11.6,20.12,0
1883,Main St,27.11,11.4,0
1884,Main St,25.51,12.9,0
1885,Main St,21.01,13.1,0
1886,Sunset,19.7,16.2,1
1887,Main St,26.71,13.7,1
1888,Waterslide,11.5,21.32,0
1889,Main St,25.51,11.6,1
1890,Sunset,26.7,16.8,1
1891,Sunset,28.3,19.2,1
1892,Waterslide,11,23.42,1
1893,Waterslide,11.3,21.02,0
1894,Waterslide,10.2,21.42,0
1895,Waterslide,11.4,18.22,0
1896,Sunset,22.5,16.2,1
1897,Main St,28.61,14.9,0
1898,Sunset,19.7,16.1,1
1899,Sunset,22.8,16.6,0
1900,Waterslide,10.2,17.22,1
1901,Waterslide,11.1,16.52,0
1902,Waterslide,11.2,13.72,0
1903,Sunset,22.9,17,1
1904,Waterslide,11.9,20.92,0
1905,Waterslide,11,18.82,1
1906,Waterslide,11.1,19.72,0
1907,Sunset,22,17.7,1
1908,Sunset,22.3,16.8,0
1909,Waterslide,10.5,22.42,1
1910,Main St,22.31,15.9,1
1911,Main St,27.91,11.9,0
1912,Main St,18.41,15.5,0
1913,Waterslide,11.4,20.82,1
1914,Main St,24.91,12.8,0
1915,Main St,17.01,13.3,0
1916,Sunset,26,16.3,1
1917,Main St,24.41,15.4,0
1918,Sunset,21.8,17,0
1919,Sunset,22.9,15.9,1
1920,Main St,24.31,12.2,0
1921,Main St,26.61,12.8,0
1922,Sunset,22.4,15.6,0
1923,Sunset,23.9,17.2,0
1924,Sunset,20.8,17.8,1
1925,Waterslide,10.6,19.62,0
1926,Sunset,21.5,17.5,0
1927,Main St,21.51,17.1,0
1928,Sunset,21.4,16.8,1
1929,Sunset,23.9,16.9,1
1930,Main St,21.61,15.1,0
1931,Waterslide,11.2,19.82,0
1932,Waterslide,10.5,18.02,0
1933,Waterslide,11.1,16.52,0
1934,Waterslide,10,19.82,0
1935,Main St,29.21,13.1,0
1936,Main St,21.11,15.3,1
1937,Sunset,24.1,17.1,1
1938,Sunset,21.8,16.9,0
1939,Main St,22.81,15.4,0
1940,Waterslide,11.7,19.02,1
1941,Sunset,23.2,16.5,1
1942,Sunset,24.8,16.8,0
1943,Main St,27.41,15.2,1
1944,Waterslide,12.2,17.62,0
1945,Main St,21.31,13,0
1946,Main St,21.21,15.5,1
1947,Sunset,20.8,16.6,1
1948,Sunset,21.3,17.6,1
1949,Sunset,24.7,15.8,0
1950,Main St,22.01,15,1
1951,Main St,29.81,18.5,1
1952,Sunset,24.4,15.3,0
1953,Main St,24.61,15.3,1
1954,Main St,18.51,13.9,0
1955,Main St,29.81,13.8,0
1956,Main St,27.81,16,0
1957,Waterslide,11.8,20.12,1
1958,Waterslide,10.8,17.52,0
1959,Main St,30.61,14.7,0
1960,Waterslide,10.3,18.82,0
1961,Sunset,20,16,1
1962,Sunset,24.7,17.2,0
1963,Main St,24.01,12.2,1
1964,Waterslide,10.8,19.92,1
1965,Waterslide,11.6,18.62,0
1966,Sunset,29.9,16.9,0
1967,Waterslide,11,18.92,1
1968,Waterslide,11.4,17.92,0
1969,Sunset,21,17.2,0
1970,Sunset,25.4,17.5,0
1971,Sunset,26,17.5,1
1972,Waterslide,11.3,19.52,0
1973,Waterslide,10.3,18.32,0
1974,Sunset,23.2,15.5,0
1975,Waterslide,10.3,17.52,1
1976,Main St,17.31,19.1,0
1977,Waterslide,11.8,22.02,0
1978,Sunset,25.4,16.3,1
1979,Sunset,22.2,17.3,0
1980,Sunset,22.1,15,0
1981,Main St,23.31,15.2,0
1982,Main St,18.91,13.4,0
1983,Sunset,19.5,15.7,0
1984,Sunset,22.4,17.2,1
1985,Waterslide,10.8,18.02,1
1986,Main St,21.61,10,1
1987,Sunset,23.3,16.4,0
1988,Waterslide,10.6,21.12,1
1989,Main St,20.71,11.7,0
1990,Main St,28.01,15.9,0
1991,Main St,24.31,17.5,0
1992,Waterslide,11.2,18.42,0
1993,Main St,31.01,16.4,0
1994,Waterslide,11.3,21.82,0
1995,Waterslide,11.4,17.92,0
1996,Main St,22.51,14.2,1
1997,Main St,31.31,12.2,0
1998,Waterslide,10.6,20.72,0
1999,Main St,23.61,14.7,1
2000,Waterslide,11.2,21.72,1
2001,Waterslide,10.9,16.42,1
2002,Main St,23.01,13.4,0
2003,Waterslide,10.6,20.82,1
2004,Main St,27.11,10.8,0
2005,Main St,24.91,12.8,0
2006,Main St,17.51,15.1,0
2007,Waterslide,10.8,17.42,1
2008,Sunset,24.7,17.2,1
2009,Main St,32.21,14.2,0
2010,Sunset,21.2,16.6,1
2011,Main St,30.01,9.1,0
2012,Main St,20.01,13,0
2013,Main St,21.71,15.6,1
2014,Main St,19.41,17.9,0
2015,Main St,27.31,9.4,0
2016,Waterslide,10.6,16.32,0
2017,Sunset,19.9,15.9,0
2018,Waterslide,10.5,12.92,1
2019,Waterslide,11.9,19.72,0
2020,Main St,21.61,16.2,1
2021,Waterslide,11.6,16.32,0
2022,Waterslide,10.7,19.92,0
2023,Sunset,23.6,16.7,0
2024,Waterslide,10.4,18.52,0
2025,Sunset,23.5,17.4,0
2026,Sunset,22.8,16.5,0
2027,Waterslide,11.6,18.12,0
2028,Waterslide,10.9,19.42,1
2029,Main St,26.11,14.1,1
2030,Main St,26.61,9.5,0
2031,Waterslide,11.6,21.82,0
2032,Waterslide,11,18.02,0
2033,Sunset,20.3,17,0
2034,Main St,25.41,11.5,0
2035,Main St,35.21,13,0
2036,Sunset,20.3,17,1
2037,Waterslide,11.4,18.62,0
2038,Sunset,21.7,17.3,1
2039,Waterslide,12,17.72,0
2040,Waterslide,10.7,16.12,1
2041,Waterslide,11.5,14.02,0
2042,Waterslide,11.4,16.82,0
2043,Main St,29.81,12.8,1
2044,Waterslide,11,23.72,1
2045,Main St,26.51,18,0
2046,Waterslide,10.5,21.12,0
2047,Sunset,25.1,17.3,0
2048,Waterslide,11.1,17.72,1
2049,Sunset,26,15.2,0
2050,Main St,32.31,11.5,0
2051,Waterslide,11.4,17.82,1
2052,Main St,22.01,12.3,1
2053,Waterslide,11.6,19.52,1
2054,Sunset,23,16.1,0
2055,Waterslide,10.6,16.02,0
2056,Waterslide,11.5,17.72,0
2057,Sunset,23.3,15.1,0
2058,Main St,20.61,12.4,0
2059,Waterslide,10.5,17.92,0
2060,Main St,24.51,15.8,0
2061,Waterslide,11.1,16.62,0
2062,Waterslide,10.9,12.72,1
2063,Waterslide,11.4,22.12,0
2064,Waterslide,10.5,17.92,0
2065,Waterslide,10.6,17.92,1
2066,Sunset,26.2,18.2,0
2067,Waterslide,11,23.92,0
2068,Sunset,22.3,17,1
2069,Main St,23.61,11.6,1
2070,Sunset,29.1,19,0
2071,Waterslide,11.3,17.12,0
2072,Main St,28.11,10.6,0
2073,Waterslide,10.7,22.52,0
2074,Main St,18.91,18.1,0
2075,Sunset,22.5,17.8,0
2076,Main St,23.01,14.1,0
2077,Waterslide,11.1,16.22,1
2078,Main St,27.51,16.2,0
2079,Main St,24.81,18.5,0
2080,Waterslide,10.3,17.62,1
2081,Sunset,24,16.8,1
2082,Main St,20.81,15.2,0
2083,Main St,28.61,15.1,0
2084,Sunset,24.3,17.4,0
2085,Sunset,21.7,15.1,0
2086,Sunset,20,16.5,1
2087,Waterslide,10.5,20.52,1
2088,Sunset,20.3,17.5,0
2089,Sunset,24.1,16.4,0
2090,Sunset,22.9,16,1
2091,Main St,28.31,11.7,0
2092,Sunset,23,16.6,1
2093,Waterslide,10.9,18.32,1
2094,Waterslide,10.4,16.32,0
2095,Waterslide,10.7,19.52,1
2096,Main St,24.61,13.4,0
2097,Main St,25.31,15.5,0
2098,Sunset,23,17.1,0
2099,Waterslide,10.6,17.62,1
2100,Waterslide,11.7,17.22,1
2101,Waterslide,11,22.92,0
2102,Sunset,20,17.9,0
2103,Sunset,27.1,16.2,0
2104,Sunset,24,17.4,1
2105,Main St,17.81,13.4,0
2106,Sunset,22,17.9,0
2107,Sunset,25.6,16.8,0
2108,Main St,25.71,17.2,0
2109,Sunset,22.9,17,0
2110,Sunset,22.7,17.6,0
2111,Main St,28.01,11.4,1
2112,Waterslide,11.1,20.72,0
2113,Sunset,19.4,17.9,0
2114,Main St,25.51,11.6,0
2115,Sunset,20.2,16.4,0
2116,Waterslide,11.6,20.52,1
2117,Sunset,24.3,18.5,0
2118,Sunset,21.6,17.3,1
2119,Main St,23.21,15.2,0
2120,Sunset,24,16.9,1
2121,Main St,21.61,11.6,0
2122,Waterslide,9.5,17.12,0
2123,Sunset,24.2,15.6,0
2124,Main St,21.21,8,0
2125,Main St,29.51,13.7,0
2126,Waterslide,11.2,21.42,0
2127,Sunset,21.9,17.4,1
2128,Waterslide,10.5,18.52,1
2129,Main St,30.41,12.1,0
2130,Sunset,24.5,18.2,0
2131,Sunset,21.6,17.2,0
2132,Waterslide,11.2,24.52,0
2133,Sunset,23.7,16.6,1
2134,Main St,17.01,13.6,1
2135,Main St,28.61,17.3,1
2136,Main St,23.01,13.9,1
2137,Main St,26.51,13.6,0
2138,Sunset,21.7,17.2,0
2139,Waterslide,11.4,23.12,0
2140,Main St,22.61,12.5,1
2141,Sunset,21.9,18.1,0
2142,Sunset,24.3,17.2,1
2143,Main St,15.61,16.2,1
2144,Waterslide,11.2,21.02,0
2145,Sunset,26.6,19,0
2146,Main St,27.51,14.6,0
2147,Main St,17.71,10.3,1
2148,Main St,35.31,15.2,0
2149,Main St,24.41,17.3,0
2150,Main St,24.61,17.8,1
2151,Main St,17.11,16.6,0
2152,Waterslide,10.7,21.62,0
2153,Main St,22.11,16.6,1
2154,Waterslide,11.7,18.42,1
2155,Main St,13.31,16.2,1
2156,Main St,33.01,13.7,0
2157,Waterslide,11,16.52,1
2158,Main St,21.91,10.2,0
2159,Waterslide,10.6,16.72,0
2160,Waterslide,10.7,17.72,1
2161,Main St,27.61,10.7,1
2162,Waterslide,10.1,14.92,0
2163,Waterslide,10.6,15.72,0
2164,Waterslide,11.2,14.72,0
2165,Main St,24.81,16.5,1
2166,Waterslide,10.9,15.52,1
2167,Waterslide,9.8,18.02,1
2168,Main St,24.01,12.2,1
2169,Sunset,24.4,15,0
2170,Waterslide,10.1,19.42,0
2171,Waterslide,11.6,16.02,1
2172,Main St,18.21,15.2,0
2173,Main St,20.01,11.4,0
2174,Main St,22.41,12.9,1
2175,Main St,20.61,13.2,1
2176,Waterslide,10.6,20.42,0
2177,Waterslide,10.8,21.02,1
2178,Waterslide,11,21.12,0
2179,Waterslide,10.6,15.32,0
2180,Waterslide,11.2,18.92,0
2181,Sunset,25.3,17.5,0
2182,Sunset,21.2,16.7,0
2183,Sunset,22.1,16.4,0
2184,Waterslide,11.6,17.42,0
2185,Main St,26.91,12,0
2186,Waterslide,10.4,16.92,0
2187,Waterslide,11,20.42,1
2188,Sunset,19.9,16.2,0
2189,Waterslide,10,15.52,0
2190,Waterslide,10.5,16.42,1
2191,Waterslide,10.2,19.22,1
2192,Sunset,23.3,17.4,1
2193,Main St,24.61,13.2,0
2194,Waterslide,11.8,22.52,0
2195,Main St,21.11,12.2,0
2196,Waterslide,9.9,19.62,1
2197,Main St,29.91,14,0
2198,Waterslide,10.2,17.92,0
2199,Sunset,22.4,17.1,0
2200,Sunset,22.5,16,1
2201,Main St,25.51,13.3,1
2202,Sunset,25.6,17.4,1
2203,Sunset,21.5,17.4,1
2204,Waterslide,10.2,18.52,0
2205,Waterslide,10.3,14.42,0
2206,Waterslide,12,18.22,0
2207,Waterslide,11.1,19.92,0
2208,Main St,23.61,17.2,0
2209,Main St,27.81,15.8,0
2210,Waterslide,10.4,17.32,0
2211,Sunset,21.6,17.7,0
2212,Main St,21.51,15.5,0
2213,Sunset,21.5,16.6,0
2214,Sunset,21.1,17,1
2215,Main St,22.21,13.9,1
2216,Main St,22.91,11.6,1
2217,Waterslide,10.4,16.72,0
2218,Waterslide,10.3,25.12,0
2219,Waterslide,10.7,19.92,0
2220,Sunset,24,16.4,0
2221,Sunset,23.3,16.3,1
2222,Main St,18.71,11.9,0
2223,Waterslide,11.7,16.72,0
2224,Sunset,22.7,16.5,0
2225,Main St,30.31,14.9,0
2226,Waterslide,10.6,18.02,0
2227,Main St,20.01,11,0
2228,Waterslide,11.6,21.12,1
2229,Sunset,22,17.2,0
2230,Main St,24.61,14.5,1
2231,Main St,24.41,15.4,0
2232,Sunset,26.8,16.5,0
2233,Sunset,21.2,17.4,0
2234,Waterslide,10.4,22.22,0
2235,Sunset,23.6,17,0
2236,Main St,27.21,13.2,0
2237,Main St,16.41,15.9,0
2238,Sunset,23.3,14.9,1
2239,Waterslide,10.7,16.62,0
2240,Main St,26.21,12.8,0
2241,Main St,27.81,12.2,0
2242,Waterslide,11,19.92,1
2243,Sunset,24.1,17.3,0
2244,Sunset,20.6,17.4,1
2245,Main St,30.71,12.9,0
2246,Sunset,21.7,17.2,0
2247,Waterslide,10.3,18.82,0
2248,Sunset,21.6,17.4,1
2249,Sunset,22,17.3,0
2250,Waterslide,10.8,24.52,1
2251,Sunset,24.6,15.8,0
2252,Sunset,24.4,17.5,0
2253,Main St,32.71,15.8,0
2254,Waterslide,10.8,18.92,0
2255,Sunset,21.6,17.7,0
2256,Waterslide,11.6,17.82,1
2257,Sunset,24.5,16.2,0
2258,Main St,24.31,15.7,0
2259,Sunset,23.2,17.5,1
2260,Sunset,22.8,17.8,1
2261,Main St,28.11,14.9,0
2262,Sunset,21,16.6,0
2263,Main St,24.11,12.1,0
2264,Main St,22.01,13,0
2265,Sunset,24.9,15.5,0
2266,Sunset,21.6,17,0
2267,Waterslide,12.2,19.52,1
2268,Main St,23.41,14.9,1
2269,Main St,20.81,11.7,1
2270,Sunset,22.9,16.3,0
2271,Main St,29.51,14.1,0
2272,Sunset,27,15.8,1
2273,Sunset,25,17.4,1
2274,Waterslide,11.3,17.32,0
2275,Waterslide,10.3,14.32,1
2276,Waterslide,10.7,20.12,1
2277,Sunset,24.5,16.3,0
2278,Waterslide,10.7,19.42,0
2279,Sunset,26.1,15.2,1
2280,Main St,23.61,12.5,0
2281,Main St,17.41,14.5,0
2282,Sunset,20.7,16.7,1
2283,Waterslide,9.9,17.92,0
2284,Main St,30.51,15.2,0
2285,Main St,24.31,14.1,0
2286,Main St,30.21,15.2,0
2287,Waterslide,10.3,18.42,0
2288,Waterslide,10.3,16.22,1
2289,Sunset,24.5,15.9,0
2290,Sunset,20,16.2,1
2291,Waterslide,10.9,18.72,0
2292,Waterslide,11.5,19.02,1
2293,Main St,22.41,12.7,1
2294,Main St,26.81,16.8,1
2295,Main St,25.71,17.6,0
2296,Waterslide,10.5,15.02,1
2297,Main St,22.61,16.2,0
2298,Waterslide,11.1,14.72,1
2299,Waterslide,11.4,17.02,0
2300,Waterslide,10.8,20.02,1
2301,Main St,20.51,12.4,1
2302,Sunset,26.5,16.4,1
2303,Waterslide,10.5,19.62,0
2304,Main St,28.41,9.9,0
2305,Sunset,24.8,16.7,0
2306,Waterslide,10.7,17.72,1
2307,Main St,19.61,12.3,0
2308,Waterslide,11.5,21.52,1
2309,Main St,23.31,13.7,0
2310,Waterslide,10.2,20.82,1
2311,Sunset,24.6,16,0
2312,Waterslide,10.9,18.82,0
2313,Waterslide,10.8,17.22,0
2314,Main St,24.91,12.6,1
2315,Main St,19.21,14.6,0
2316,Sunset,17.6,17.7,1
2317,Sunset,22.7,16.1,1
2318,Sunset,23.4,16.3,1
2319,Waterslide,11.6,17.32,0
2320,Sunset,25.5,18.4,0
2321,Main St,26.71,11.5,0
2322,Main St,25.81,14.7,0
2323,Waterslide,10.3,17.62,1
2324,Sunset,23.1,17.9,0
2325,Main St,28.61,13.7,1
2326,Main St,21.61,13.3,1
2327,Sunset,22.6,16.7,0
2328,Waterslide,10.8,18.42,0
2329,Waterslide,12.1,20.02,0
2330,Waterslide,11.2,18.02,0
2331,Waterslide,11.2,20.72,1
2332,Main St,23.81,15.2,1
2333,Waterslide,11.3,23.32,0
2334,Sunset,19.4,16.6,1
2335,Waterslide,10.6,15.32,1
2336,Waterslide,10.9,22.92,0
2337,Main St,25.41,13.3,0
2338,Sunset,20.4,16.5,0
2339,Sunset,26.4,16.8,1
2340,Main St,27.61,17.6,0
2341,Waterslide,11.5,17.42,0
2342,Main St,26.71,12.5,0
2343,Waterslide,10.9,23.32,0
2344,Sunset,22.4,16.9,0
2345,Waterslide,10.9,21.22,0
2346,Main St,29.81,11.3,0
2347,Waterslide,10.5,18.72,0
2348,Sunset,25.6,16.4,1
2349,Main St,18.31,13,0
2350,Main St,19.41,13.4,1
2351,Sunset,16,17,0
2352,Main St,20.01,14.9,0
2353,Waterslide,11.1,16.42,0
2354,Main St,23.21,14.9,0
2355,Sunset,23.8,16.2,1
2356,Waterslide,11.8,12.12,1
2357,Sunset,20.1,16.8,0
2358,Sunset,23.1,17.5,0
2359,Waterslide,10.4,15.62,0
2360,Sunset,21.9,15.9,1
2361,Sunset,23,17.6,0
2362,Main St,20.91,7.9,0
2363,Sunset,23.5,17.4,0
2364,Main St,28.01,17,0
2365,Waterslide,11.1,15.52,0
2366,Sunset,24.6,17.4,1
2367,Waterslide,10.4,19.32,0
2368,Sunset,26.6,17.4,0
2369,Main St,27.61,12.7,0
2370,Waterslide,11.1,17.22,1
2371,Main St,20.21,12.5,1
2372,Sunset,25.2,16.7,0
2373,Waterslide,11.3,17.72,1
2374,Waterslide,11.7,21.22,0
2375,Main St,22.51,12.4,0
2376,Waterslide,11.1,21.52,1
2377,Sunset,23.9,15.5,1
2378,Waterslide,10.9,15.62,0
2379,Waterslide,11.4,20.12,0
2380,Waterslide,10.8,16.92,0
2381,Waterslide,11.2,17.32,0
2382,Sunset,23.2,16.1,1
2383,Sunset,21.4,18.7,0
2384,Sunset,23.6,17.3,1
2385,Main St,22.51,15.5,0
2386,Waterslide,12.3,17.52,1
2387,Waterslide,9.7,16.92,1
2388,Sunset,23.9,18.1,1
2389,Main St,27.71,12.5,0
2390,Sunset,21.4,16.2,1
2391,Waterslide,11.6,17.32,0
2392,Sunset,24.7,16.3,1
2393,Sunset,21.1,15.5,1
2394,Main St,25.61,12.5,0
2395,Waterslide,11.3,22.52,0
2396,Waterslide,10.4,21.92,1
2397,Sunset,26.6,16,1
2398,Waterslide,10.8,22.22,0
2399,Waterslide,11,20.02,0
2400,Waterslide,10.8,17.42,0
2401,Main St,21.71,13.7,0
2402,Sunset,23.7,16.6,0
2403,Main St,21.51,11.1,0
2404,Sunset,21.7,17.1,1
2405,Waterslide,10.2,15.32,0
2406,Sunset,20.3,16.4,1
2407,Waterslide,10.7,14.62,0
2408,Sunset,24,16.1,1
2409,Main St,21.41,13.7,1
2410,Sunset,25.4,16.9,1
2411,Main St,24.41,13.8,1
2412,Waterslide,11.3,19.42,0
2413,Main St,31.71,9.6,0
2414,Main St,29.81,12,1
2415,Main St,30.01,16.4,1
2416,Waterslide,11.1,16.32,0
2417,Main St,25.41,16.4,0
2418,Main St,26.41,13.4,0
2419,Main St,24.41,13.4,1
2420,Sunset,24.7,17.3,0
2421,Waterslide,11.2,17.42,1
2422,Waterslide,11.4,16.82,1
2423,Main St,19.81,15.4,0
2424,Main St,18.21,14.5,1
2425,Waterslide,11.1,18.62,0
2426,Sunset,24.7,18.4,0
2427,Sunset,22.4,18.1,1
2428,Sunset,19.7,17.3,0
2429,Waterslide,11.1,22.62,0
2430,Sunset,23,17,1
2431,Sunset,23.3,17.8,0
2432,Waterslide,11.9,17.42,1
2433,Sunset,22.6,17.3,0
2434,Main St,31.41,15.9,1
2435,Sunset,24.3,16.7,1
2436,Waterslide,11.8,16.52,1
2437,Main St,27.11,14.1,0
2438,Main St,30.11,12.1,1
2439,Waterslide,10.6,19.92,1
2440,Sunset,23.6,16.6,0
2441,Sunset,19.7,17.2,1
2442,Main St,25.01,14.9,1
2443,Waterslide,11.2,15.32,1
2444,Main St,23.71,14,1
2445,Sunset,19.2,15.6,1
2446,Main St,27.71,19.2,0
2447,Main St,25.31,14.3,0
2448,Sunset,23.3,17,1
2449,Main St,25.71,14.8,0
2450,Main St,29.41,9.8,0
2451,Waterslide,11.5,21.32,0
2452,Sunset,20.2,16.8,0
2453,Main St,19.91,14.6,1
2454,Waterslide,10.3,18.32,0
2455,Waterslide,11.1,22.12,0
2456,Sunset,20.4,16.3,1
2457,Sunset,24.6,17.3,1
2458,Sunset,20.3,18.2,1
2459,Sunset,21.5,19.2,0
2460,Waterslide,10.6,20.02,1
2461,Waterslide,10.4,19.02,1
2462,Waterslide,11.4,20.42,1
2463,Waterslide,11.9,20.62,0
2464,Main St,23.11,15.7,1
2465,Main St,21.51,14.3,0
2466,Waterslide,11.2,15.12,1
2467,Waterslide,11,16.12,1
2468,Sunset,24.3,18.4,0
2469,Waterslide,11,15.82,0
2470,Waterslide,10.2,21.12,0
2471,Waterslide,11,16.22,0
2472,Main St,24.21,11.9,0
2473,Sunset,23.5,17.2,1
2474,Main St,26.81,11.5,1
2475,Waterslide,10.8,17.62,1
2476,Sunset,25.9,17,0
2477,Waterslide,10.9,21.12,0
2478,Waterslide,11.3,20.22,0
2479,Main St,27.31,14.7,0
2480,Waterslide,10,19.92,0
2481,Sunset,24.5,16.9,1
2482,Waterslide,10.6,17.52,0
2483,Waterslide,10.8,19.92,0
2484,Main St,28.81,11.9,0
2485,Sunset,22.1,15.4,1
2486,Main St,19.51,11.4,0
2487,Sunset,22.3,16.7,0
2488,Waterslide,10.6,17.32,0
2489,Waterslide,10.7,16.52,0
2490,Main St,33.21,15.6,1
2491,Sunset,23.6,15.8,1
2492,Main St,23.51,15.3,1
2493,Main St,33.01,12.5,0
2494,Main St,26.91,15,0
2495,Main St,24.51,15.3,0
2496,Sunset,22.7,17.6,1
2497,Waterslide,9.9,19.02,0
2498,Waterslide,11,21.12,1
2499,Sunset,25.9,15.7,1
2500,Main St,21.31,12.3,1
2501,Main St,31.41,11.1,0
2502,Waterslide,10.6,19.92,0
2503,Waterslide,10.6,16.82,1
2504,Sunset,24.9,17.6,0
2505,Main St,24.21,10.7,0
2506,Waterslide,10.9,18.42,1
2507,Sunset,21.8,16.2,0
2508,Main St,23.81,9.6,0
2509,Waterslide,10,19.22,0
2510,Main St,29.91,11.2,1
2511,Waterslide,10.4,23.52,1
2512,Waterslide,10.7,19.62,0
2513,Sunset,24.7,18.7,0
2514,Waterslide,11.3,20.52,0
2515,Waterslide,10.8,19.32,0
2516,Waterslide,11.1,20.72,0
2517,Main St,25.91,15.2,1
2518,Main St,28.41,16.4,0
2519,Sunset,21.8,17,1
2520,Sunset,25.6,17.5,0
2521,Main St,22.11,11.6,0
2522,Sunset,23.7,16.2,0
2523,Main St,22.91,9,1
2524,Sunset,29.3,15.3,0
2525,Waterslide,11.5,17.32,0
2526,Main St,25.51,15.9,1
2527,Sunset,20.5,17.4,0
2528,Sunset,24.6,16.8,0
2529,Waterslide,12.2,19.62,1
2530,Main St,24.21,13.8,1
2531,Waterslide,10.8,18.42,1
2532,Waterslide,10.4,17.72,0
2533,Sunset,20.6,17.2,0
2534,Sunset,26.5,16.9,0
2535,Waterslide,10.9,20.12,1
2536,Waterslide,11.3,20.42,0
2537,Sunset,20.8,16.8,1
2538,Waterslide,10.6,22.92,0
2539,Sunset,20.4,16.1,1
2540,Waterslide,11.2,15.02,0
2541,Sunset,23.8,16.9,0
2542,Main St,20.01,11,1
2543,Waterslide,9.3,19.92,1
2544,Main St,22.21,14.7,1
2545,Waterslide,11.1,20.62,0
2546,Main St,26.91,14.5,0
2547,Main St,22.01,14.8,0
2548,Sunset,23.1,15.9,0
2549,Waterslide,11.2,18.62,0
2550,Sunset,17.6,16.4,0
2551,Main St,20.11,15.5,0
2552,Waterslide,10.7,21.02,1
2553,Waterslide,11,17.22,0
2554,Sunset,23.8,16,0
2555,Main St,25.01,16.1,0
2556,Waterslide,10.9,16.42,0
2557,Waterslide,10.5,18.42,0
2558,Sunset,22.8,18.1,0
2559,Waterslide,11.3,17.72,0
2560,Sunset,21.3,16.1,1
2561,Waterslide,10.5,19.02,1
2562,Main St,25.71,14.5,1
2563,Main St,26.81,12.5,0
2564,Main St,27.11,15.5,0
2565,Main St,25.61,15.3,1
2566,Waterslide,10,16.52,0
2567,Main St,20.01,12.4,0
2568,Main St,23.71,14.5,1
2569,Sunset,22.8,16.2,1
2570,Waterslide,10.6,18.52,0
2571,Main St,19.21,16.1,0
2572,Waterslide,10.6,20.22,0
2573,Waterslide,11.1,16.22,0
2574,Main St,19.61,16.4,0
2575,Sunset,25,17.9,1
2576,Waterslide,11.1,18.82,0
2577,Main St,21.11,16.8,1
2578,Sunset,25.1,16.6,0
2579,Main St,29.01,12.1,0
2580,Waterslide,10.7,18.82,0
2581,Main St,18.31,13,0
2582,Main St,29.61,13.8,0
2583,Main St,21.71,11.2,1
2584,Sunset,20.1,17.5,0
2585,Main St,29.41,15.5,0
2586,Main St,28.41,18.7,0
2587,Waterslide,10.6,17.72,0
2588,Waterslide,12,16.92,1
2589,Sunset,24.7,17.8,0
2590,Waterslide,11.4,16.62,0
2591,Sunset,25.2,16.3,1
2592,Sunset,23.3,16.4,1
2593,Main St,21.61,13.2,0
2594,Waterslide,10.7,17.42,0
2595,Waterslide,10.5,19.82,0
2596,Main St,30.61,12.8,0
2597,Sunset,25.6,17.7,0
2598,Sunset,21.2,16.9,1
2599,Sunset,26.4,16.9,0
2600,Main St,29.41,15.7,1
2601,Main St,25.21,13.2,0
2602,Main St,22.61,12.3,0
2603,Waterslide,10.3,20.82,0
2604,Main St,22.81,13.9,0
2605,Sunset,23.9,15.5,0
2606,Waterslide,11,19.82,0
2607,Waterslide,10.7,22.32,0
2608,Waterslide,11.2,15.52,1
2609,Waterslide,10.9,20.72,0
2610,Sunset,24,15.9,0
2611,Waterslide,11.5,15.42,1
2612,Waterslide,11.1,15.82,1
2613,Waterslide,10.5,18.42,1
2614,Sunset,26.3,15.8,0
2615,Waterslide,10.9,18.92,0
2616,Sunset,28.6,16.6,1
2617,Waterslide,9.7,18.22,1
2618,Sunset,22.8,17.6,0
2619,Waterslide,11.7,23.42,0
2620,Waterslide,11.3,20.82,0
2621,Sunset,23.1,16.3,1
2622,Main St,20.51,13.5,0
2623,Main St,28.51,14.7,0
2624,Sunset,26.1,16.9,0
2625,Sunset,22.8,15.7,0
2626,Waterslide,11,20.22,0
2627,Main St,27.21,12.6,1
2628,Waterslide,11.2,20.12,0
2629,Waterslide,11.3,16.52,0
2630,Waterslide,11.6,14.32,1
2631,Main St,25.51,17.2,1
2632,Sunset,22.7,16.2,0
2633,Waterslide,11.3,16.32,0
2634,Sunset,23.1,16.5,1
2635,Waterslide,10.6,14.42,0
2636,Main St,26.21,12,0
2637,Sunset,25.2,16.6,1
2638,Sunset,21.9,16.4,1
2639,Main St,23.01,14.5,1
2640,Sunset,19.9,16.1,1
2641,Main St,29.31,15.5,0
2642,Main St,26.81,14.4,0
2643,Sunset,22.9,16.4,1
2644,Main St,18.71,16.8,1
2645,Main St,28.71,13.3,1
2646,Waterslide,10.6,17.22,0
2647,Waterslide,10.5,14.02,1
2648,Waterslide,11.1,17.32,0
2649,Waterslide,11,19.22,0
2650,Waterslide,11.3,19.22,1
2651,Waterslide,10,15.72,0
2652,Main St,20.01,14.5,0
2653,Waterslide,10.8,19.62,0
2654,Sunset,21.9,18.5,1
2655,Sunset,21.4,16,1
2656,Waterslide,10.4,17.72,0
2657,Waterslide,11,15.12,0
2658,Main St,20.01,18,0
2659,Sunset,24.4,16.8,0
2660,Sunset,28.7,15.9,0
2661,Main St,25.21,12.6,0
2662,Waterslide,10.5,11.12,0
2663,Waterslide,11.8,19.62,1
2664,Sunset,24.1,18.3,1
2665,Waterslide,10.8,17.62,1
2666,Waterslide,10.5,19.92,0
2667,Sunset,17.7,16.4,1
2668,Waterslide,10.6,19.52,1
2669,Sunset,19,16.3,0
2670,Main St,29.61,15.7,0
2671,Sunset,18.7,16.8,1
2672,Waterslide,11.7,18.92,0
2673,Main St,25.71,14.9,0
2674,Waterslide,11.4,14.22,1
2675,Main St,18.81,13.7,0
2676,Sunset,22.5,17,0
2677,Sunset,20.5,16.8,0
2678,Waterslide,11.2,16.12,0
2679,Main St,25.81,14,1
2680,Waterslide,11.3,20.12,0
2681,Main St,23.71,13.4,0
2682,Sunset,21.8,16.1,0
2683,Sunset,20.4,16.7,0
2684,Sunset,26,17.4,0
2685,Main St,27.21,17.8,1
2686,Sunset,24.4,17.1,0
2687,Waterslide,10.8,14.82,0
2688,Sunset,21.2,17.8,1
2689,Main St,23.81,16.5,1
2690,Waterslide,10.2,16.62,0
2691,Waterslide,10.3,16.52,0
2692,Waterslide,10,18.12,1
2693,Waterslide,10.8,19.32,0
2694,Sunset,18.9,17.1,0
2695,Waterslide,11,24.62,0
2696,Sunset,22.3,15.7,0
2697,Waterslide,10.6,21.12,0
2698,Waterslide,11.3,17.72,1
2699,Sunset,23.4,16,1
2700,Main St,21.11,13.1,0
2701,Main St,24.01,12,0
2702,Main St,16.61,11.6,1
2703,Waterslide,10.8,20.22,0
2704,Main St,30.11,15.5,0
2705,Main St,22.61,11.9,0
2706,Sunset,24.8,16,1
2707,Sunset,23.1,17.7,1
2708,Main St,22.51,15.4,1
2709,Waterslide,11.4,17.32,0
2710,Main St,29.81,14.9,1
2711,Main St,23.71,12.6,1
2712,Waterslide,11.6,20.32,0
2713,Main St,18.41,12,1
2714,Sunset,22.8,15.5,0
2715,Waterslide,10.9,19.42,0
2716,Sunset,25.9,16.5,0
2717,Waterslide,11.2,17.72,1
2718,Waterslide,10.6,19.52,0
2719,Sunset,20.8,16.7,1
2720,Main St,20.21,14.8,0
2721,Waterslide,10.9,14.72,0
2722,Sunset,24.4,15.5,1
2723,Sunset,22.6,17.2,1
2724,Sunset,24.2,16.5,0
2725,Waterslide,11.8,19.92,0
2726,Waterslide,10.7,16.92,0
2727,Main St,17.21,15.3,0
2728,Waterslide,10.4,14.32,0
2729,Main St,14.11,15.1,1
2730,Main St,27.71,11.8,0
2731,Main St,31.91,14.6,1
2732,Waterslide,11.3,18.42,0
2733,Waterslide,11.2,19.82,0
2734,Waterslide,10.8,18.92,0
2735,Main St,25.71,18.6,1
2736,Sunset,26.6,17.6,0
2737,Waterslide,10.9,17.42,0
2738,Waterslide,11.6,18.42,1
2739,Waterslide,11.4,17.42,0
2740,Sunset,24.2,17.1,0
2741,Sunset,24.5,15.9,1
2742,Main St,18.61,13.1,0
2743,Waterslide,11.4,20.02,0
2744,Waterslide,10.8,18.42,0
2745,Main St,26.21,14.4,0
2746,Main St,31.71,12.6,1
2747,Main St,21.31,14.4,0
2748,Sunset,22.7,16.7,0
2749,Sunset,21.4,15.7,1
2750,Waterslide,11.4,18.42,1
2751,Sunset,23.8,16.4,1
2752,Main St,23.91,11.5,1
2753,Sunset,23.2,17.6,0
2754,Sunset,20.7,16,0
2755,Sunset,24.4,17.8,0
2756,Sunset,24.5,17.4,0
2757,Main St,32.31,12.7,1
2758,Main St,25.01,16.1,0
2759,Main St,18.91,13.9,1
2760,Sunset,23.4,16.5,0
2761,Main St,30.41,17.6,1
2762,Waterslide,10.8,19.32,1
2763,Sunset,22.3,16.4,0
2764,Main St,20.81,13.6,0
2765,Waterslide,11,17.52,0
2766,Waterslide,10.3,17.32,1
2767,Main St,25.61,16.6,0
2768,Sunset,22.1,15.3,1
2769,Waterslide,10.9,14.42,0
2770,Sunset,25.2,17.4,0
2771,Main St,25.71,14.6,1
2772,Main St,18.51,12.5,1
2773,Main St,16.41,13.9,0
2774,Waterslide,11.4,19.62,1
2775,Main St,24.81,9.2,0
2776,Sunset,22.2,17.8,0
2777,Main St,30.61,10.3,1
2778,Sunset,24,15.3,1
2779,Waterslide,10.7,20.72,1
2780,Sunset,25.3,16.4,1
2781,Sunset,23.1,17.4,1
2782,Waterslide,11.3,18.32,1
2783,Waterslide,11.1,17.22,1
2784,Sunset,21.7,15.2,1
2785,Main St,28.41,14.9,0
2786,Main St,32.31,14,0
2787,Waterslide,11.3,16.82,0
2788,Main St,23.21,13.3,1
2789,Main St,26.61,9.8,0
2790,Main St,25.11,13.6,0
2791,Waterslide,10.1,20.82,1
2792,Waterslide,11.1,21.72,1
2793,Sunset,20.8,17.1,0
2794,Sunset,25.6,16,0
2795,Main St,23.41,17.8,1
2796,Sunset,20.9,15.9,1
2797,Main St,24.61,16.6,1
2798,Main St,23.91,11.1,0
2799,Main St,25.11,14.7,0
2800,Waterslide,10.6,19.32,0
2801,Waterslide,11,18.22,1
2802,Sunset,27.4,17.1,1
2803,Sunset,23.8,15.3,0
2804,Sunset,24.4,17.7,1
2805,Sunset,23,16,1
2806,Sunset,22.2,17.5,1
2807,Waterslide,11.4,17.72,0
2808,Waterslide,11.2,20.22,0
2809,Main St,19.81,12.8,1
2810,Main St,30.71,15.3,0
2811,Main St,24.51,13.1,0
2812,Sunset,22.9,16.9,1
2813,Main St,18.31,15,0
2814,Waterslide,11.5,16.22,1
2815,Main St,28.91,18.3,0
2816,Waterslide,11.4,20.32,0
2817,Waterslide,10.6,22.32,0
2818,Sunset,24.2,16.2,0
2819,Sunset,23.6,16.8,0
2820,Waterslide,11,20.42,0
2821,Main St,27.11,15.3,0
2822,Sunset,22.7,16.2,0
2823,Sunset,23.7,17.2,0
2824,Main St,28.31,14.1,1
2825,Waterslide,11.2,18.82,1
2826,Sunset,26,17.1,0
2827,Main St,28.21,14.1,1
2828,Main St,21.01,16.8,0
2829,Waterslide,10.7,13.92,0
2830,Main St,26.81,14.9,0
2831,Main St,16.11,16.4,0
2832,Waterslide,11,23.22,0
2833,Sunset,20.2,17.7,1
2834,Sunset,26.1,16.9,0
2835,Sunset,23.4,16.7,1
2836,Sunset,23.7,17,0
2837,Sunset,22.8,18.8,0
2838,Sunset,23.2,16.3,1
2839,Main St,22.91,10.8,0
2840,Main St,20.31,13.7,0
2841,Main St,28.31,14.7,0
2842,Waterslide,11.4,20.52,1
2843,Sunset,22.4,16,1
2844,Sunset,19.5,16.7,1
2845,Sunset,22.1,15.4,0
2846,Waterslide,10.9,20.02,1
2847,Sunset,22,17.4,1
2848,Waterslide,11.1,20.42,0
2849,Waterslide,11.2,16.42,0
2850,Main St,31.41,16.1,0
2851,Sunset,21.6,17.2,1
2852,Waterslide,10.4,18.12,0
2853,Sunset,24.5,17.2,0
2854,Main St,33.11,11.8,0
2855,Main St,28.41,13.9,0
2856,Main St,19.91,16.1,1
2857,Main St,25.91,15.9,0
2858,Sunset,22.1,15.4,1
2859,Sunset,24.5,17.1,0
2860,Sunset,23.4,15.7,0
2861,Waterslide,11.1,19.62,0
2862,Waterslide,9.9,19.52,1
2863,Sunset,25,18,1
2864,Main St,22.11,11.1,0
2865,Sunset,23.5,16.7,0
2866,Waterslide,11,20.82,0
2867,Waterslide,11.4,16.42,0
2868,Waterslide,10.5,19.22,0
2869,Main St,20.71,14.6,0
2870,Main St,18.11,15.8,0
2871,Main St,21.11,16,0
2872,Waterslide,10.6,19.52,0
2873,Waterslide,10.7,13.42,1
2874,Sunset,24.1,17.1,1
2875,Waterslide,11.4,20.92,0
2876,Sunset,24.5,17.4,1
2877,Waterslide,11.6,16.52,1
2878,Main St,21.81,13.7,0
2879,Waterslide,10.8,15.82,1
2880,Main St,28.01,10.7,1
2881,Main St,20.41,12.9,0
2882,Sunset,22.9,17.6,1
2883,Sunset,22.4,17.8,1
2884,Main St,30.51,13.8,1
2885,Main St,23.51,13.4,0
2886,Waterslide,11.7,18.52,1
2887,Main St,24.51,10.9,0
2888,Sunset,19.4,17.4,0
2889,Waterslide,11.6,17.42,1
2890,Sunset,27.5,16.6,0
2891,Sunset,20.6,17.9,0
2892,Sunset,23.6,18.2,0
2893,Main St,24.51,12,0
2894,Main St,19.41,11.6,1
2895,Main St,26.31,13.2,0
2896,Main St,28.51,13.1,0
2897,Waterslide,11.2,20.72,0
2898,Waterslide,10.5,15.82,0
2899,Main St,33.21,15.8,0
2900,Main St,16.01,14.4,0
2901,Sunset,24.1,15.5,0
2902,Waterslide,11.8,19.62,0
2903,Main St,26.41,9.8,0
2904,Waterslide,10.6,19.82,1
2905,Main St,29.11,12.8,1
2906,Sunset,18.3,17.2,1
2907,Main St,19.61,13.6,1
2908,Waterslide,10.5,19.92,1
2909,Sunset,23.6,16,1
2910,Sunset,20.2,17.5,1
2911,Sunset,21.2,15.9,1
2912,Sunset,28.3,16.2,1
2913,Main St,25.91,13.3,0
2914,Sunset,21.9,16.2,0
2915,Waterslide,11.1,21.52,0
2916,Waterslide,10.5,16.22,1
2917,Waterslide,10.6,18.72,0
2918,Waterslide,11.5,18.42,0
2919,Main St,26.01,17.4,0
2920,Sunset,22.2,16,0
2921,Main St,28.21,12.6,1
2922,Waterslide,10.9,19.52,0
2923,Sunset,21,17.2,1
2924,Sunset,25.7,17.4,1
2925,Sunset,19.9,17.2,0
2926,Waterslide,10.5,18.72,0
2927,Sunset,22,18.6,0
2928,Sunset,19.3,18,1
2929,Waterslide,11,19.52,0
2930,Sunset,25.2,16.6,0
2931,Sunset,18.7,16,1
2932,Waterslide,11.8,15.72,0
2933,Sunset,23.7,17.3,1
2934,Main St,22.61,15.1,1
2935,Waterslide,10.1,18.92,0
2936,Sunset,20.1,17.3,1
2937,Waterslide,11.6,17.12,0
2938,Main St,30.21,13.7,1
2939,Waterslide,10.6,21.52,1
2940,Main St,23.41,11.9,0
2941,Waterslide,11.9,20.12,0
2942,Main St,24.31,14.7,0
2943,Main St,22.31,10.5,0
2944,Waterslide,11.6,16.92,0
2945,Waterslide,11.1,22.22,0
2946,Main St,25.41,16.9,0
2947,Waterslide,10,15.32,0
2948,Waterslide,11.6,21.22,0
2949,Waterslide,10.7,20.02,1
2950,Sunset,22.7,17,0
2951,Main St,28.91,15.1,0
2952,Waterslide,10.7,21.42,1
2953,Sunset,23,16,0
2954,Waterslide,10.9,15.52,1
2955,Waterslide,11.1,19.82,0
2956,Main St,28.51,13.2,0
2957,Sunset,21.7,15.3,1
2958,Sunset,22.5,16.5,0
2959,Main St,20.31,9.6,0
2960,Main St,19.91,14.3,0
2961,Sunset,24.4,16.8,1
2962,Waterslide,10,18.42,0
2963,Sunset,24.7,16.5,1
2964,Waterslide,11.8,15.92,0
2965,Main St,27.11,11.5,0
2966,Waterslide,10.6,18.42,0
2967,Main St,20.91,15.3,1
2968,Main St,25.91,12.6,1
2969,Waterslide,10.4,16.72,0
2970,Sunset,24.6,16.6,0
2971,Main St,32.51,14.9,1
2972,Main St,23.41,13.1,0
2973,Main St,26.71,10.8,1
2974,Main St,26.81,14.1,0
2975,Main St,24.41,14,0
2976,Waterslide,12.4,15.92,1
2977,Waterslide,11.6,19.92,0
2978,Waterslide,11.4,15.42,0
2979,Main St,21.41,11.8,1
2980,Waterslide,10.3,19.92,0
2981,Waterslide,10.8,19.92,1
2982,Waterslide,11,19.42,0
2983,Sunset,24.2,16.9,0
2984,Main St,23.71,13.6,0
2985,Main St,26.91,7.4,0
2986,Main St,24.01,10.9,0
2987,Sunset,25.3,15.2,0
2988,Main St,24.61,15.2,1
2989,Waterslide,10.9,15.62,1
2990,Sunset,24.5,16.1,1
2991,Main St,21.51,13.9,1
2992,Sunset,24.5,17,1
2993,Sunset,23.5,17.8,0
2994,Sunset,22.6,17.2,1
2995,Main St,29.41,19.2,0
2996,Sunset,23.3,17.1,0
2997,Sunset,25.5,19,1
2998,Main St,24.01,16.5,1
2999,Waterslide,10.7,19.12,0
3000,Main St,18.81,13.7,1
3001,Waterslide,11.8,17.92,0
3002,Sunset,22.2,17.3,0
3003,Sunset,25.5,17.9,1
3004,Main St,20.31,10.2,1
3005,Waterslide,11,18.52,0
3006,Sunset,25,16.3,0
3007,Main St,23.21,14,1
3008,Main St,25.81,14.2,0
3009,Waterslide,11.3,13.82,0
3010,Sunset,22,15.9,1
3011,Sunset,18.8,16.4,0
3012,Main St,19.81,16.3,0
3013,Main St,18.81,16.4,0
3014,Main St,24.31,13.5,1
3015,Sunset,22.8,14.6,0
3016,Sunset,21.7,16.4,1
3017,Sunset,21.8,18.1,0
3018,Main St,29.21,14,0
3019,Main St,22.51,20.9,0
3020,Main St,28.61,11.8,0
3021,Waterslide,11.3,17.62,0
3022,Main St,25.71,16.4,0
3023,Waterslide,11.1,18.62,0
3024,Main St,27.71,13.6,0
3025,Sunset,23.1,17.3,1
3026,Sunset,18.8,15.7,0
3027,Waterslide,11.4,11.72,1
3028,Sunset,24.4,17.5,0
3029,Waterslide,11.2,18.22,0
3030,Waterslide,11.4,21.02,0
3031,Waterslide,11,15.02,1
3032,Sunset,24.9,17,0
3033,Main St,17.41,13.9,0
3034,Main St,22.71,14.7,0
3035,Sunset,25.1,16.6,1
3036,Main St,23.41,16.9,1
3037,Sunset,23.8,16.5,1
3038,Sunset,23.6,15.8,1
3039,Main St,24.61,10.6,0
3040,Sunset,20.7,17.1,1
3041,Sunset,20.2,15.3,0
3042,Sunset,21.6,17.2,0
3043,Sunset,21.2,16.9,0
3044,Main St,26.01,11.7,1
3045,Main St,27.81,15.9,0
3046,Waterslide,11.5,18.62,0
3047,Sunset,23.8,17.7,1
3048,Sunset,26.1,17,1
3049,Sunset,19.6,16.2,1
3050,Sunset,21,16.1,0
3051,Main St,19.51,14.2,1
3052,Sunset,26.8,16.5,1
3053,Waterslide,11.2,19.42,0
3054,Sunset,21.7,14.9,0
3055,Waterslide,10.9,11.72,0
3056,Sunset,22.9,16.5,0
3057,Main St,21.31,14,0
3058,Waterslide,11,16.02,0
3059,Sunset,26.5,16.8,0
3060,Sunset,21.7,18.4,0
3061,Sunset,20.8,17.1,1
3062,Main St,25.61,11.3,0
3063,Main St,24.11,11.4,1
3064,Waterslide,10.6,13.02,0
3065,Main St,30.31,15.1,1
3066,Sunset,26,16.2,0
3067,Main St,29.21,15.9,1
3068,Sunset,25.8,18.5,0
3069,Waterslide,11.1,21.82,1
3070,Waterslide,10.9,24.72,0
3071,Main St,26.61,16.5,1
3072,Waterslide,11.1,16.42,0
3073,Waterslide,11.3,16.22,1
3074,Sunset,21.3,18.2,0
3075,Main St,29.01,14.5,1
3076,Waterslide,10.7,20.72,0
3077,Main St,27.61,12.9,1
3078,Waterslide,11,22.32,1
3079,Waterslide,10.6,16.72,1
3080,Sunset,19,15.6,1
3081,Sunset,23.3,15.5,1
3082,Waterslide,10.8,15.42,1
3083,Waterslide,11.1,15.42,1
3084,Waterslide,11.6,19.42,1
3085,Main St,21.81,15.6,0
3086,Waterslide,10.3,21.22,0
3087,Sunset,22.5,17,0
3088,Sunset,26,17,0
3089,Main St,24.01,14.7,0
3090,Sunset,24,18.5,0
3091,Sunset,21.3,18,1
3092,Main St,20.31,16.8,1
3093,Sunset,21.8,16.2,0
3094,Waterslide,11.8,19.82,0
3095,Waterslide,11.6,16.72,0
3096,Sunset,20.1,18,0
3097,Sunset,27.8,17.6,0
3098,Sunset,22,17.9,0
3099,Sunset,23.1,16.9,1
3100,Waterslide,10.8,20.32,0
3101,Main St,24.81,14.6,0
3102,Main St,27.41,13.3,0
3103,Sunset,22.4,15.8,1
3104,Waterslide,11.4,21.42,1
3105,Waterslide,11.1,21.52,0
3106,Main St,25.01,15.2,1
3107,Sunset,22.6,17.5,0
3108,Main St,18.91,11.7,0
3109,Waterslide,11.1,12.92,0
3110,Main St,24.31,13.3,0
3111,Sunset,25.6,16.3,1
3112,Sunset,23.2,16.5,0
3113,Main St,25.21,13.3,1
3114,Main St,21.61,13.6,1
3115,Waterslide,11,15.72,0
3116,Main St,19.61,11.5,0
3117,Waterslide,12.7,14.62,0
3118,Main St,25.61,17.9,1
3119,Main St,28.01,14.8,0
3120,Main St,22.91,12.8,0
3121,Main St,21.11,16.1,0
3122,Waterslide,11,20.52,0
3123,Waterslide,11,20.52,0
3124,Waterslide,11.5,17.22,0
3125,Main St,22.21,14.9,1
3126,Waterslide,11.4,18.22,0
3127,Sunset,23.1,17.5,0
3128,Waterslide,10.1,20.42,1
3129,Main St,24.01,13.3,0
3130,Sunset,22.3,16.9,1
3131,Waterslide,11.3,17.72,0
3132,Waterslide,10.2,19.62,0
3133,Main St,24.81,11.7,0
3134,Sunset,23.9,17.6,1
3135,Main St,21.11,14.2,0
3136,Sunset,25.7,16.4,1
3137,Waterslide,11.5,20.42,0
3138,Waterslide,10.9,18.12,1
3139,Sunset,20.4,15.3,0
3140,Sunset,23.8,16.9,0
3141,Waterslide,11.2,16.62,1
3142,Waterslide,11,20.82,0
3143,Sunset,22.8,15.6,0
3144,Main St,22.61,13.1,0
3145,Waterslide,10.2,21.82,0
3146,Sunset,23.9,16.6,1
3147,Sunset,24.4,15.8,0
3148,Main St,21.71,13,0
3149,Waterslide,10.8,13.72,0
3150,Main St,24.41,15.6,1
3151,Waterslide,10.2,18.62,0
3152,Sunset,24.4,17.4,1
3153,Main St,28.41,12.2,0
3154,Main St,31.21,13.4,0
3155,Main St,20.21,14.7,0
3156,Waterslide,9.9,19.72,1
3157,Waterslide,10.5,18.62,0
3158,Main St,23.11,14.1,0
3159,Main St,18.91,13.7,0
3160,Sunset,19.8,16.9,1
3161,Main St,24.91,13.1,0
3162,Main St,23.11,15,1
3163,Main St,30.21,11.2,0
3164,Waterslide,11.5,13.72,0
3165,Main St,20.81,17.6,0
3166,Sunset,23.8,16.7,0
3167,Main St,26.61,15.7,0
3168,Sunset,24.7,17.5,1
3169,Sunset,24.2,17.8,1
3170,Sunset,26.4,16.6,1
3171,Waterslide,12.6,20.52,0
3172,Sunset,20.7,17.5,0
3173,Waterslide,10.5,18.22,0
3174,Waterslide,11.1,19.62,0
3175,Waterslide,11,21.62,0
3176,Waterslide,10.4,23.52,1
3177,Waterslide,11.7,19.22,1
3178,Sunset,19.7,16.7,0
3179,Waterslide,11.3,21.62,1
3180,Waterslide,11.4,18.12,0
3181,Main St,23.51,14.9,0
3182,Sunset,18.1,18.2,1
3183,Main St,29.61,16.1,0
3184,Main St,26.71,13.2,0
3185,Waterslide,11,20.52,0
3186,Waterslide,11.4,16.42,1
3187,Sunset,23.5,15.7,1
3188,Sunset,23.7,15.4,0
3189,Sunset,24.3,17.1,0
3190,Waterslide,10.8,19.62,1
3191,Main St,23.11,11.2,0
3192,Waterslide,11.3,20.42,0
3193,Sunset,25.8,17.5,0
3194,Waterslide,10.3,19.42,1
3195,Waterslide,10.9,15.12,0
3196,Main St,26.01,16.2,0
3197,Main St,24.01,13.5,1
3198,Waterslide,10.5,15.82,1
3199,Sunset,19.9,16.8,1
3200,Waterslide,10.7,17.52,1
3201,Waterslide,10.9,18.52,1
3202,Main St,18.31,13.2,0
3203,Main St,28.51,13.7,1
3204,Main St,26.31,11.7,1
3205,Waterslide,11.1,16.22,0
3206,Waterslide,10.4,16.72,1
3207,Sunset,22.1,17.7,0
3208,Sunset,23.6,16.2,1
3209,Waterslide,11.4,19.02,0
3210,Sunset,19.1,16.4,1
3211,Main St,22.71,13.9,0
3212,Sunset,26.9,17.5,1
3213,Sunset,21.6,17.9,0
3214,Main St,33.31,10.1,0
3215,Sunset,23.5,17.1,0
3216,Main St,24.51,11,1
3217,Waterslide,11.2,17.52,0
3218,Main St,27.01,17.8,0
3219,Sunset,19.3,16.3,1
3220,Waterslide,10.6,17.52,0
3221,Sunset,21.1,17.9,1
3222,Waterslide,10.8,18.22,0
3223,Sunset,25,16.1,0
3224,Waterslide,10.9,17.92,0
3225,Sunset,22.5,17.9,1
3226,Waterslide,11.5,18.72,0
3227,Sunset,21.5,17.7,0
3228,Waterslide,10.9,15.32,0
3229,Main St,24.41,14.4,1
3230,Waterslide,10.2,16.02,0
3231,Waterslide,11.1,22.62,0
3232,Main St,25.01,13.9,1
3233,Sunset,22.8,16.5,1
3234,Main St,27.91,11.6,1
3235,Sunset,22.6,17.1,0
3236,Sunset,30.6,16.4,0
3237,Main St,28.11,10.4,0
3238,Main St,23.11,16.7,0
3239,Main St,26.11,12.9,1
3240,Sunset,21.3,16.5,0
3241,Main St,19.41,11.1,0
3242,Sunset,21.7,16.2,1
3243,Main St,19.91,8.8,0
3244,Waterslide,11.8,19.72,0
3245,Main St,18.41,17,1
3246,Main St,24.31,11.3,0
3247,Sunset,21.7,16.4,0
3248,Main St,24.11,12.9,0
3249,Waterslide,11.1,19.02,0
3250,Sunset,21,16.2,1
3251,Main St,23.01,13.5,0
3252,Sunset,24.8,16.5,0
3253,Sunset,20.9,16,1
3254,Sunset,21.8,16.2,0
3255,Main St,21.21,12.8,0
3256,Sunset,23.4,14.8,1
3257,Waterslide,10.8,16.92,1
3258,Sunset,23.4,18.5,0
3259,Waterslide,10.7,24.42,0
3260,Sunset,21.8,15.4,0
3261,Main St,25.21,14.8,1
3262,Waterslide,10.9,21.12,0
3263,Sunset,21,18.2,1
3264,Waterslide,10.6,15.22,0
3265,Waterslide,10.8,21.62,0
3266,Main St,24.91,16.5,1
3267,Main St,18.21,15.6,0
3268,Waterslide,11.5,19.12,0
3269,Sunset,22.3,16.6,0
3270,Waterslide,10.2,16.72,0
3271,Main St,24.81,13,0
3272,Waterslide,10.7,18.52,0
3273,Sunset,24.5,16.4,0
3274,Main St,26.71,14.7,0
3275,Waterslide,11.2,12.72,0
3276,Main St,28.21,18.2,0
3277,Waterslide,11.2,16.62,0
3278,Sunset,24.2,16,0
3279,Sunset,26.2,16.4,0
3280,Waterslide,10.9,20.22,1
3281,Sunset,20.1,17.8,1
3282,Sunset,19.9,17,1
3283,Main St,16.41,16,0
3284,Sunset,23.4,19.1,1
3285,Waterslide,11.2,20.72,1
3286,Sunset,21.4,15.6,0
3287,Waterslide,10.6,17.02,0
3288,Sunset,21.9,16.5,0
3289,Main St,26.51,16,0
3290,Waterslide,10.9,17.42,0
3291,Main St,25.51,10.8,0
3292,Waterslide,11,18.62,0
3293,Waterslide,10.7,17.02,1
3294,Waterslide,10,16.02,0
3295,Main St,15.51,16.8,0
3296,Main St,22.01,12.4,0
3297,Main St,22.71,14.1,0
3298,Sunset,21.6,16,0
3299,Waterslide,11.4,19.82,0
3300,Sunset,21.4,16.3,0
3301,Sunset,23,16.9,0
3302,Waterslide,11.1,16.42,1
3303,Sunset,19.9,19.2,1
3304,Waterslide,11.4,17.62,0
3305,Waterslide,11,16.02,1
3306,Sunset,25.9,16.6,0
3307,Waterslide,10.8,20.02,0
3308,Main St,27.01,17.9,1
3309,Main St,23.51,15.8,0
3310,Main St,25.61,14.6,0
3311,Main St,27.91,12.8,1
3312,Sunset,17.9,16.7,1
3313,Waterslide,11.3,14.82,0
3314,Main St,23.61,14.9,0
3315,Main St,33.41,15.5,0
3316,Sunset,23,16.6,0
3317,Main St,21.51,15.7,0
3318,Waterslide,11.2,18.82,1
3319,Sunset,22.1,15,0
3320,Sunset,23.6,17.4,0
3321,Sunset,25.4,16,1
3322,Main St,24.21,12.6,1
3323,Waterslide,10.4,18.52,0
3324,Waterslide,11.2,20.72,1
3325,Main St,21.81,12.3,0
3326,Main St,21.91,12.9,1
3327,Waterslide,11.3,15.62,0
3328,Waterslide,10.1,18.42,1
3329,Waterslide,11.8,21.52,0
3330,Waterslide,11.5,21.12,1
3331,Waterslide,10.7,24.22,1
3332,Sunset,19.9,17.5,0
3333,Sunset,22.4,16.1,1
3334,Waterslide,11.9,16.52,1
3335,Sunset,20.4,16.3,0
3336,Sunset,26.3,16.6,0
3337,Sunset,21.1,17.6,0
3338,Main St,19.51,13.7,1
3339,Waterslide,11.4,13.02,1
3340,Waterslide,11.6,16.22,0
3341,Sunset,23.1,16.9,0
3342,Waterslide,10.7,18.02,0
3343,Sunset,24.4,17.4,0
3344,Waterslide,11.1,18.82,1
3345,Waterslide,11.2,15.72,0
3346,Waterslide,10.9,16.12,0
3347,Sunset,20.9,14.9,0
3348,Main St,26.11,17.6,0
3349,Main St,23.81,15.9,0
3350,Main St,22.21,13.4,1
3351,Main St,26.51,17.2,0
3352,Main St,24.91,13.5,0
3353,Main St,23.91,13.5,1
3354,Waterslide,10.9,13.92,0
3355,Sunset,24.2,15.5,1
3356,Main St,34.01,19.6,0
3357,Waterslide,10.4,20.22,0
3358,Main St,26.11,15.8,0
3359,Sunset,22.5,16.2,1
3360,Waterslide,10.3,17.62,1
3361,Main St,28.41,13.1,1
3362,Waterslide,10.8,21.82,0
3363,Sunset,24.9,16.7,0
3364,Main St,24.61,12.1,0
3365,Main St,24.51,18.6,1
3366,Sunset,22.9,17.2,1
3367,Sunset,22.3,16.3,1
3368,Waterslide,11.8,19.52,1
3369,Main St,21.81,14,1
3370,Waterslide,9.9,19.82,0
3371,Sunset,19.3,16.9,0
3372,Sunset,22.5,15.6,1
3373,Waterslide,11.5,18.72,0
3374,Waterslide,10,21.22,1
3375,Waterslide,10.8,16.02,0
3376,Sunset,21.6,14.9,1
3377,Main St,24.41,14.6,0
3378,Waterslide,11.4,17.62,0
3379,Sunset,22,17.2,0
3380,Sunset,22.2,16.6,0
3381,Waterslide,10.7,20.62,0
3382,Main St,20.81,16.9,0
3383,Main St,27.01,13.3,0
3384,Main St,17.81,15.7,0
3385,Sunset,21,16.2,0
3386,Waterslide,11.3,15.32,0
3387,Waterslide,11.5,19.32,0
3388,Main St,24.61,13.3,1
3389,Waterslide,11.1,21.12,0
3390,Sunset,20.2,16.6,1
3391,Sunset,21.1,17.1,1
3392,Sunset,19.9,17.1,1
3393,Sunset,23,17.2,0
3394,Sunset,23.5,17.4,1
3395,Waterslide,10.3,18.92,1
3396,Waterslide,11.8,19.12,1
3397,Main St,23.61,16.8,0
3398,Waterslide,10.9,18.82,1
3399,Main St,14.71,20.5,0
3400,Sunset,22.9,17.5,0
